Date,^TNX,^TYX
2015-11-02,2.187000036239624,2.9570000171661377
2015-11-03,2.2200000286102295,3.000999927520752
2015-11-04,2.2300000190734863,2.99399995803833
2015-11-05,2.244999885559082,3.013000011444092
2015-11-06,2.3329999446868896,3.0889999866485596
2015-11-09,2.3420000076293945,3.1059999465942383
2015-11-10,2.322000026702881,3.0940001010894775
2015-11-11,2.3380000591278076,3.109999895095825
2015-11-12,2.319000005722046,3.0920000076293945
2015-11-13,2.2799999713897705,3.058000087738037
2015-11-16,2.2730000019073486,3.072000026702881
2015-11-17,2.260999917984009,3.046999931335449
2015-11-18,2.2690000534057617,3.0409998893737793
2015-11-19,2.247999906539917,3.003000020980835
2015-11-20,2.26200008392334,3.0179998874664307
2015-11-23,2.25,3.006999969482422
2015-11-24,2.243000030517578,3.00600004196167
2015-11-25,2.2320001125335693,2.994999885559082
2015-11-27,2.2249999046325684,3.000999927520752
2015-11-30,2.2179999351501465,2.990000009536743
2015-12-01,2.1549999713897705,2.9179999828338623
2015-12-02,2.177999973297119,2.9070000648498535
2015-12-03,2.3299999237060547,3.075000047683716
2015-12-04,2.2750000953674316,3.009999990463257
2015-12-07,2.2249999046325684,2.9509999752044678
2015-12-08,2.23799991607666,2.9749999046325684
2015-12-09,2.2079999446868896,2.9590001106262207
2015-12-10,2.239000082015991,2.9749999046325684
2015-12-11,2.1389999389648438,2.878999948501587
2015-12-14,2.2249999046325684,2.9619998931884766
2015-12-15,2.2679998874664307,2.993000030517578
2015-12-16,2.2869999408721924,3.003000020980835
2015-12-17,2.23799991607666,2.936000108718872
2015-12-18,2.1989998817443848,2.9100000858306885
2015-12-21,2.197000026702881,2.9260001182556152
2015-12-22,2.239000082015991,2.9639999866485596
2015-12-23,2.2639999389648438,2.997999906539917
2015-12-24,2.243000030517578,2.9639999866485596
2015-12-28,2.2249999046325684,2.940000057220459
2015-12-29,2.306999921798706,3.0409998893737793
2015-12-30,2.302999973297119,3.0420000553131104
2015-12-31,2.2690000534057617,3.015000104904175
2016-01-04,2.244999885559082,2.990000009536743
2016-01-05,2.247999906539917,3.010999917984009
2016-01-06,2.177000045776367,2.940000057220459
2016-01-07,2.1530001163482666,2.9260001182556152
2016-01-08,2.130000114440918,2.9200000762939453
2016-01-11,2.1579999923706055,2.9560000896453857
2016-01-12,2.1019999980926514,2.881999969482422
2016-01-13,2.065999984741211,2.8480000495910645
2016-01-14,2.0980000495910645,2.8919999599456787
2016-01-15,2.0329999923706055,2.812999963760376
2016-01-19,2.0350000858306885,2.803999900817871
2016-01-20,1.9839999675750732,2.756999969482422
2016-01-21,2.0190000534057617,2.796999931335449
2016-01-22,2.0480000972747803,2.819999933242798
2016-01-25,2.0220000743865967,2.802000045776367
2016-01-26,1.99399995803833,2.7809998989105225
2016-01-27,2.000999927520752,2.7899999618530273
2016-01-28,1.9850000143051147,2.7909998893737793
2016-01-29,1.930999994277954,2.757999897003174
2016-02-01,1.965999960899353,2.7809998989105225
2016-02-02,1.8639999628067017,2.678999900817871
2016-02-03,1.88100004196167,2.7049999237060547
2016-02-04,1.8639999628067017,2.700000047683716
2016-02-05,1.8480000495910645,2.681999921798706
2016-02-08,1.7350000143051147,2.559999942779541
2016-02-09,1.7289999723434448,2.555000066757202
2016-02-10,1.7050000429153442,2.5290000438690186
2016-02-11,1.6440000534057617,2.503999948501587
2016-02-12,1.7480000257492065,2.6050000190734863
2016-02-16,1.777999997138977,2.6419999599456787
2016-02-17,1.819000005722046,2.686000108718872
2016-02-18,1.7589999437332153,2.631999969482422
2016-02-19,1.7480000257492065,2.6050000190734863
2016-02-22,1.7660000324249268,2.61899995803833
2016-02-23,1.7450000047683716,2.5969998836517334
2016-02-24,1.7419999837875366,2.5969998836517334
2016-02-25,1.6970000267028809,2.5739998817443848
2016-02-26,1.7619999647140503,2.635999917984009
2016-02-29,1.7400000095367432,2.615000009536743
2016-03-01,1.8339999914169312,2.703000068664551
2016-03-02,1.8480000495910645,2.691999912261963
2016-03-03,1.8300000429153442,2.6600000858306885
2016-03-04,1.8830000162124634,2.703000068664551
2016-03-07,1.9019999504089355,2.7019999027252197
2016-03-08,1.8320000171661377,2.635999917984009
2016-03-09,1.8919999599456787,2.683000087738037
2016-03-10,1.9290000200271606,2.6989998817443848
2016-03-11,1.9769999980926514,2.747999906539917
2016-03-14,1.9630000591278076,2.7309999465942383
2016-03-15,1.9589999914169312,2.7219998836517334
2016-03-16,1.937999963760376,2.7360000610351562
2016-03-17,1.902999997138977,2.694000005722046
2016-03-18,1.871000051498413,2.6730000972747803
2016-03-21,1.9229999780654907,2.7300000190734863
2016-03-22,1.934999942779541,2.7190001010894775
2016-03-23,1.875,2.6489999294281006
2016-03-24,1.899999976158142,2.671999931335449
2016-03-28,1.8700000047683716,2.6440000534057617
2016-03-29,1.8140000104904175,2.6110000610351562
2016-03-30,1.8300000429153442,2.6570000648498535
2016-03-31,1.7860000133514404,2.619999885559082
2016-04-01,1.7920000553131104,2.619999885559082
2016-04-04,1.7790000438690186,2.6110000610351562
2016-04-05,1.7269999980926514,2.5490000247955322
2016-04-06,1.7549999952316284,2.5829999446868896
2016-04-07,1.690999984741211,2.5160000324249268
2016-04-08,1.7200000286102295,2.555999994277954
2016-04-11,1.7239999771118164,2.562000036239624
2016-04-12,1.781000018119812,2.6070001125335693
2016-04-13,1.7619999647140503,2.5769999027252197
2016-04-14,1.781000018119812,2.5959999561309814
2016-04-15,1.7519999742507935,2.562000036239624
2016-04-18,1.7730000019073486,2.5859999656677246
2016-04-19,1.7829999923706055,2.5950000286102295
2016-04-20,1.8539999723434448,2.6600000858306885
2016-04-21,1.8700000047683716,2.690999984741211
2016-04-22,1.8880000114440918,2.7039999961853027
2016-04-25,1.9019999504089355,2.7239999771118164
2016-04-26,1.930999994277954,2.75600004196167
2016-04-27,1.8600000143051147,2.697999954223633
2016-04-28,1.8380000591278076,2.694000005722046
2016-04-29,1.819000005722046,2.6659998893737793
2016-05-02,1.8650000095367432,2.7179999351501465
2016-05-03,1.7999999523162842,2.6600000858306885
2016-05-04,1.784000039100647,2.6410000324249268
2016-05-05,1.746999979019165,2.6059999465942383
2016-05-06,1.7790000438690186,2.628000020980835
2016-05-09,1.7599999904632568,2.621000051498413
2016-05-10,1.7599999904632568,2.615000009536743
2016-05-11,1.7369999885559082,2.5820000171661377
2016-05-12,1.7569999694824219,2.611999988555908
2016-05-13,1.7050000429153442,2.552999973297119
2016-05-16,1.753000020980835,2.5969998836517334
2016-05-17,1.7589999437332153,2.5869998931884766
2016-05-18,1.8799999952316284,2.684000015258789
2016-05-19,1.8450000286102295,2.634999990463257
2016-05-20,1.8489999771118164,2.6389999389648438
2016-05-23,1.8380000591278076,2.63100004196167
2016-05-24,1.8589999675750732,2.6429998874664307
2016-05-25,1.8700000047683716,2.6700000762939453
2016-05-26,1.8229999542236328,2.628999948501587
2016-05-27,1.8509999513626099,2.6500000953674316
2016-05-31,1.8339999914169312,2.628999948501587
2016-06-01,1.8459999561309814,2.627000093460083
2016-06-02,1.8109999895095825,2.5850000381469727
2016-06-03,1.7039999961853027,2.5169999599456787
2016-06-06,1.7230000495910645,2.5450000762939453
2016-06-07,1.7130000591278076,2.5339999198913574
2016-06-08,1.7059999704360962,2.513000011444092
2016-06-09,1.6799999475479126,2.4809999465942383
2016-06-10,1.6390000581741333,2.447000026702881
2016-06-13,1.6160000562667847,2.434000015258789
2016-06-14,1.6109999418258667,2.424999952316284
2016-06-15,1.5959999561309814,2.4230000972747803
2016-06-16,1.5640000104904175,2.382999897003174
2016-06-17,1.6180000305175781,2.431999921798706
2016-06-20,1.6699999570846558,2.4730000495910645
2016-06-21,1.6970000267028809,2.496999979019165
2016-06-22,1.684999942779541,2.494999885559082
2016-06-23,1.7389999628067017,2.555999994277954
2016-06-24,1.5789999961853027,2.430000066757202
2016-06-27,1.4600000381469727,2.2790000438690186
2016-06-28,1.4609999656677246,2.2750000953674316
2016-06-29,1.4769999980926514,2.2799999713897705
2016-06-30,1.4880000352859497,2.306999921798706
2016-07-01,1.4559999704360962,2.240999937057495
2016-07-05,1.3669999837875366,2.138000011444092
2016-07-06,1.3849999904632568,2.1519999504089355
2016-07-07,1.3869999647140503,2.140000104904175
2016-07-08,1.3660000562667847,2.109999895095825
2016-07-11,1.434000015258789,2.1500000953674316
2016-07-12,1.5130000114440918,2.2309999465942383
2016-07-13,1.468000054359436,2.177000045776367
2016-07-14,1.531000018119812,2.246999979019165
2016-07-15,1.593999981880188,2.302000045776367
2016-07-18,1.5870000123977661,2.302000045776367
2016-07-19,1.5579999685287476,2.2739999294281006
2016-07-20,1.5800000429153442,2.296999931335449
2016-07-21,1.565000057220459,2.3010001182556152
2016-07-22,1.5700000524520874,2.2909998893737793
2016-07-25,1.5709999799728394,2.2869999408721924
2016-07-26,1.562999963760376,2.2799999713897705
2016-07-27,1.5149999856948853,2.2279999256134033
2016-07-28,1.5110000371932983,2.2290000915527344
2016-07-29,1.4579999446868896,2.181999921798706
2016-08-01,1.496000051498413,2.2339999675750732
2016-08-02,1.5369999408721924,2.2869999408721924
2016-08-03,1.5420000553131104,2.2929999828338623
2016-08-04,1.503000020980835,2.255000114440918
2016-08-05,1.5820000171661377,2.309999942779541
2016-08-08,1.5829999446868896,2.2990000247955322
2016-08-09,1.5449999570846558,2.256999969482422
2016-08-10,1.5089999437332153,2.2269999980926514
2016-08-11,1.5729999542236328,2.2850000858306885
2016-08-12,1.5149999856948853,2.234999895095825
2016-08-15,1.5529999732971191,2.2760000228881836
2016-08-16,1.5759999752044678,2.2980000972747803
2016-08-17,1.5609999895095825,2.2730000019073486
2016-08-18,1.5360000133514404,2.259000062942505
2016-08-19,1.5779999494552612,2.2850000858306885
2016-08-22,1.5390000343322754,2.2360000610351562
2016-08-23,1.5529999732971191,2.2360000610351562
2016-08-24,1.559000015258789,2.243000030517578
2016-08-25,1.5770000219345093,2.2639999389648438
2016-08-26,1.6349999904632568,2.2960000038146973
2016-08-29,1.565999984741211,2.2160000801086426
2016-08-30,1.5700000524520874,2.2339999675750732
2016-08-31,1.5679999589920044,2.2309999465942383
2016-09-01,1.5700000524520874,2.2300000190734863
2016-09-02,1.5959999561309814,2.2709999084472656
2016-09-06,1.5429999828338623,2.240000009536743
2016-09-07,1.5410000085830688,2.236999988555908
2016-09-08,1.6160000562667847,2.322999954223633
2016-09-09,1.6720000505447388,2.390000104904175
2016-09-12,1.6720000505447388,2.3949999809265137
2016-09-13,1.7339999675750732,2.4709999561309814
2016-09-14,1.6890000104904175,2.444000005722046
2016-09-15,1.7029999494552612,2.4730000495910645
2016-09-16,1.7009999752044678,2.4509999752044678
2016-09-19,1.6959999799728394,2.444000005722046
2016-09-20,1.687999963760376,2.428999900817871
2016-09-21,1.6679999828338623,2.3980000019073486
2016-09-22,1.6319999694824219,2.3540000915527344
2016-09-23,1.6150000095367432,2.3399999141693115
2016-09-26,1.5889999866485596,2.3259999752044678
2016-09-27,1.555999994277954,2.2790000438690186
2016-09-28,1.5670000314712524,2.2880001068115234
2016-09-29,1.5570000410079956,2.2750000953674316
2016-09-30,1.6080000400543213,2.3359999656677246
2016-10-03,1.621999979019165,2.3350000381469727
2016-10-04,1.6829999685287476,2.4059998989105225
2016-10-05,1.715999960899353,2.436000108718872
2016-10-06,1.7419999837875366,2.4600000381469727
2016-10-07,1.7359999418258667,2.4679999351501465
2016-10-10,1.7230000495910645,2.4549999237060547
2016-10-11,1.7589999437332153,2.493000030517578
2016-10-12,1.777999997138977,2.507999897003174
2016-10-13,1.7380000352859497,2.4739999771118164
2016-10-14,1.7940000295639038,2.555000066757202
2016-10-17,1.7660000324249268,2.5230000019073486
2016-10-18,1.7489999532699585,2.51200008392334
2016-10-19,1.7519999742507935,2.5160000324249268
2016-10-20,1.746999979019165,2.499000072479248
2016-10-21,1.7400000095367432,2.492000102996826
2016-10-24,1.7630000114440918,2.5160000324249268
2016-10-25,1.7580000162124634,2.500999927520752
2016-10-26,1.7899999618530273,2.5360000133514404
2016-10-27,1.843000054359436,2.6010000705718994
2016-10-28,1.8450000286102295,2.615999937057495
2016-10-31,1.8339999914169312,2.5889999866485596
2016-11-01,1.8200000524520874,2.571000099182129
2016-11-02,1.7990000247955322,2.562999963760376
2016-11-03,1.812000036239624,2.5999999046325684
2016-11-04,1.7829999923706055,2.571000099182129
2016-11-07,1.8279999494552612,2.6019999980926514
2016-11-08,1.8619999885559082,2.625999927520752
2016-11-09,2.072000026702881,2.881999969482422
2016-11-10,2.117000102996826,2.927999973297119
2016-11-14,2.2219998836517334,2.9820001125335693
2016-11-15,2.23799991607666,2.9730000495910645
2016-11-16,2.2230000495910645,2.9260001182556152
2016-11-17,2.2760000228881836,2.9860000610351562
2016-11-18,2.3350000381469727,3.0160000324249268
2016-11-21,2.3389999866485596,3.013000011444092
2016-11-22,2.321000099182129,3.009000062942505
2016-11-23,2.3570001125335693,3.0230000019073486
2016-11-25,2.371999979019165,3.0220000743865967
2016-11-28,2.319999933242798,2.9830000400543213
2016-11-29,2.302000045776367,2.950000047683716
2016-11-30,2.368000030517578,3.0169999599456787
2016-12-01,2.440999984741211,3.0950000286102295
2016-12-02,2.390000104904175,3.061000108718872
2016-12-05,2.38700008392334,3.055999994277954
2016-12-06,2.3959999084472656,3.0820000171661377
2016-12-07,2.3469998836517334,3.0290000438690186
2016-12-08,2.38700008392334,3.0850000381469727
2016-12-09,2.4639999866485596,3.1540000438690186
2016-12-12,2.4790000915527344,3.1619999408721924
2016-12-13,2.4809999465942383,3.1470000743865967
2016-12-14,2.5250000953674316,3.1489999294281006
2016-12-15,2.5799999237060547,3.1449999809265137
2016-12-16,2.5969998836517334,3.184000015258789
2016-12-19,2.5420000553131104,3.121000051498413
2016-12-20,2.568000078201294,3.1510000228881836
2016-12-21,2.5460000038146973,3.125
2016-12-22,2.552999973297119,3.130000114440918
2016-12-23,2.5429999828338623,3.115999937057495
2016-12-27,2.562999963760376,3.1389999389648438
2016-12-28,2.50600004196167,3.0840001106262207
2016-12-29,2.4769999980926514,3.0840001106262207
2016-12-30,2.446000099182129,3.062999963760376
2017-01-03,2.450000047683716,3.046999931335449
2017-01-04,2.4519999027252197,3.0450000762939453
2017-01-05,2.368000030517578,2.9619998931884766
2017-01-06,2.4179999828338623,3.003999948501587
2017-01-09,2.375999927520752,2.9679999351501465
2017-01-10,2.378999948501587,2.9700000286102295
2017-01-11,2.369999885559082,2.9570000171661377
2017-01-12,2.3610000610351562,2.9600000381469727
2017-01-13,2.380000114440918,2.9769999980926514
2017-01-17,2.3269999027252197,2.927000045776367
2017-01-18,2.3889999389648438,2.984999895095825
2017-01-19,2.4590001106262207,3.0320000648498535
2017-01-20,2.4670000076293945,3.0460000038146973
2017-01-23,2.4030001163482666,2.990999937057495
2017-01-24,2.4709999561309814,3.055999994277954
2017-01-25,2.5230000019073486,3.1080000400543213
2017-01-26,2.507999897003174,3.0910000801086426
2017-01-27,2.4809999465942383,3.059000015258789
2017-01-30,2.4830000400543213,3.0769999027252197
2017-01-31,2.4509999752044678,3.0510001182556152
2017-02-01,2.4739999771118164,3.0810000896453857
2017-02-02,2.4700000286102295,3.0829999446868896
2017-02-03,2.490999937057495,3.114000082015991
2017-02-06,2.4130001068115234,3.0480000972747803
2017-02-07,2.3889999389648438,3.0190000534057617
2017-02-08,2.3510000705718994,2.9609999656677246
2017-02-09,2.3949999809265137,3.010999917984009
2017-02-10,2.4089999198913574,3.01200008392334
2017-02-13,2.434000015258789,3.0339999198913574
2017-02-14,2.4700000286102295,3.062000036239624
2017-02-15,2.502000093460083,3.0910000801086426
2017-02-16,2.450000047683716,3.0510001182556152
2017-02-17,2.424999952316284,3.0309998989105225
2017-02-21,2.427000045776367,3.0369999408721924
2017-02-22,2.4179999828338623,3.0369999408721924
2017-02-23,2.388000011444092,3.0230000019073486
2017-02-24,2.316999912261963,2.9549999237060547
2017-02-27,2.36899995803833,2.9860000610351562
2017-02-28,2.3580000400543213,2.9679999351501465
2017-03-01,2.4630000591278076,3.071000099182129
2017-03-02,2.489000082015991,3.0820000171661377
2017-03-03,2.492000102996826,3.0840001106262207
2017-03-06,2.49399995803833,3.0980000495910645
2017-03-07,2.510999917984009,3.109999895095825
2017-03-08,2.552000045776367,3.1459999084472656
2017-03-09,2.5980000495910645,3.183000087738037
2017-03-10,2.5820000171661377,3.1689999103546143
2017-03-13,2.6080000400543213,3.191999912261963
2017-03-14,2.5950000286102295,3.171999931335449
2017-03-15,2.507999897003174,3.1059999465942383
2017-03-16,2.5220000743865967,3.134999990463257
2017-03-17,2.500999927520752,3.11299991607666
2017-03-20,2.4730000495910645,3.0899999141693115
2017-03-21,2.436000108718872,3.049999952316284
2017-03-22,2.3959999084472656,3.010999917984009
2017-03-23,2.4179999828338623,3.0260000228881836
2017-03-24,2.4000000953674316,3.002000093460083
2017-03-27,2.372999906539917,2.9790000915527344
2017-03-28,2.4089999198913574,3.013000011444092
2017-03-29,2.385999917984009,2.992000102996826
2017-03-30,2.4159998893737793,3.0250000953674316
2017-03-31,2.3959999084472656,3.0179998874664307
2017-04-03,2.3499999046325684,2.984999895095825
2017-04-04,2.3499999046325684,2.993000030517578
2017-04-05,2.3570001125335693,3.00600004196167
2017-04-06,2.3429999351501465,2.986999988555908
2017-04-07,2.372999906539917,2.997999906539917
2017-04-10,2.3610000610351562,2.986999988555908
2017-04-11,2.2980000972747803,2.928999900817871
2017-04-12,2.2960000038146973,2.930000066757202
2017-04-13,2.2320001125335693,2.888000011444092
2017-04-17,2.252000093460083,2.9130001068115234
2017-04-18,2.178999900817871,2.8420000076293945
2017-04-19,2.2019999027252197,2.8610000610351562
2017-04-20,2.240999937057495,2.8910000324249268
2017-04-21,2.236999988555908,2.8949999809265137
2017-04-24,2.2730000019073486,2.927000045776367
2017-04-25,2.3269999027252197,2.9790000915527344
2017-04-26,2.311000108718872,2.9709999561309814
2017-04-27,2.2960000038146973,2.9649999141693115
2017-04-28,2.2820000648498535,2.9519999027252197
2017-05-01,2.325000047683716,3.010999917984009
2017-05-02,2.2960000038146973,2.9820001125335693
2017-05-03,2.309000015258789,2.9549999237060547
2017-05-04,2.3559999465942383,2.999000072479248
2017-05-05,2.3519999980926514,2.989000082015991
2017-05-08,2.375999927520752,3.0139999389648438
2017-05-09,2.4070000648498535,3.0380001068115234
2017-05-10,2.4140000343322754,3.0409998893737793
2017-05-11,2.4000000953674316,3.0380001068115234
2017-05-12,2.3350000381469727,2.99399995803833
2017-05-15,2.3380000591278076,3.00600004196167
2017-05-16,2.3289999961853027,2.992000102996826
2017-05-17,2.2160000801086426,2.8970000743865967
2017-05-18,2.2330000400543213,2.9049999713897705
2017-05-19,2.244999885559082,2.9049999713897705
2017-05-22,2.253999948501587,2.9149999618530273
2017-05-23,2.2850000858306885,2.944999933242798
2017-05-24,2.2660000324249268,2.934999942779541
2017-05-25,2.255000114440918,2.921999931335449
2017-05-26,2.25,2.9159998893737793
2017-05-30,2.2170000076293945,2.885999917984009
2017-05-31,2.196000099182129,2.8570001125335693
2017-06-01,2.2170000076293945,2.869999885559082
2017-06-02,2.1589999198913574,2.812999963760376
2017-06-05,2.181999921798706,2.8410000801086426
2017-06-06,2.1470000743865967,2.809999942779541
2017-06-07,2.177999973297119,2.8369998931884766
2017-06-08,2.194000005722046,2.8550000190734863
2017-06-09,2.1989998817443848,2.8540000915527344
2017-06-12,2.2130000591278076,2.868000030517578
2017-06-13,2.2070000171661377,2.86299991607666
2017-06-14,2.138000011444092,2.7829999923706055
2017-06-15,2.1619999408721924,2.7850000858306885
2017-06-16,2.1570000648498535,2.7820000648498535
2017-06-19,2.190000057220459,2.7880001068115234
2017-06-20,2.1530001163482666,2.734999895095825
2017-06-21,2.1549999713897705,2.7239999771118164
2017-06-22,2.1530001163482666,2.7239999771118164
2017-06-23,2.1440000534057617,2.7139999866485596
2017-06-26,2.13700008392334,2.696000099182129
2017-06-27,2.197999954223633,2.74399995803833
2017-06-28,2.2209999561309814,2.7739999294281006
2017-06-29,2.2669999599456787,2.813999891281128
2017-06-30,2.302000045776367,2.8399999141693115
2017-07-03,2.3459999561309814,2.861999988555908
2017-07-05,2.3340001106262207,2.8550000190734863
2017-07-06,2.369999885559082,2.9030001163482666
2017-07-07,2.3929998874664307,2.934999942779541
2017-07-10,2.371000051498413,2.9230000972747803
2017-07-11,2.361999988555908,2.9230000972747803
2017-07-12,2.3269999027252197,2.8949999809265137
2017-07-13,2.3480000495910645,2.9230000972747803
2017-07-14,2.319000005722046,2.9100000858306885
2017-07-17,2.309000015258789,2.8929998874664307
2017-07-18,2.263000011444092,2.8510000705718994
2017-07-19,2.2679998874664307,2.8450000286102295
2017-07-20,2.2660000324249268,2.8369998931884766
2017-07-21,2.2320001125335693,2.802000045776367
2017-07-24,2.253999948501587,2.8329999446868896
2017-07-25,2.3259999752044678,2.9100000858306885
2017-07-26,2.2820000648498535,2.8910000324249268
2017-07-27,2.309999942779541,2.927999973297119
2017-07-28,2.2890000343322754,2.8919999599456787
2017-07-31,2.2920000553131104,2.8980000019073486
2017-08-01,2.250999927520752,2.8510000705718994
2017-08-02,2.26200008392334,2.8450000286102295
2017-08-03,2.2279999256134033,2.805999994277954
2017-08-04,2.2669999599456787,2.8440001010894775
2017-08-07,2.256999969482422,2.8369998931884766
2017-08-08,2.2829999923706055,2.867000102996826
2017-08-09,2.240999937057495,2.816999912261963
2017-08-10,2.2119998931884766,2.7869999408721924
2017-08-11,2.188999891281128,2.7869999408721924
2017-08-14,2.2190001010894775,2.805000066757202
2017-08-15,2.2660000324249268,2.8410000801086426
2017-08-16,2.2260000705718994,2.808000087738037
2017-08-17,2.1989998817443848,2.7820000648498535
2017-08-18,2.194000005722046,2.7769999504089355
2017-08-21,2.180000066757202,2.763000011444092
2017-08-22,2.2149999141693115,2.7890000343322754
2017-08-23,2.1710000038146973,2.749000072479248
2017-08-24,2.194000005722046,2.7690000534057617
2017-08-25,2.1689999103546143,2.750999927520752
2017-08-28,2.1589999198913574,2.752000093460083
2017-08-29,2.135999917984009,2.747999906539917
2017-08-30,2.1429998874664307,2.747999906539917
2017-08-31,2.121000051498413,2.7249999046325684
2017-09-01,2.1570000648498535,2.7679998874664307
2017-09-05,2.069999933242798,2.687999963760376
2017-09-06,2.1080000400543213,2.7239999771118164
2017-09-07,2.061000108718872,2.677000045776367
2017-09-08,2.061000108718872,2.678999900817871
2017-09-11,2.125,2.73799991607666
2017-09-12,2.1710000038146973,2.7750000953674316
2017-09-13,2.194999933242798,2.7950000762939453
2017-09-14,2.197000026702881,2.7809998989105225
2017-09-15,2.2019999027252197,2.7720000743865967
2017-09-18,2.2290000915527344,2.802999973297119
2017-09-19,2.243000030517578,2.812999963760376
2017-09-20,2.2769999504089355,2.821000099182129
2017-09-21,2.2780001163482666,2.808000087738037
2017-09-22,2.26200008392334,2.7960000038146973
2017-09-25,2.2200000286102295,2.759999990463257
2017-09-26,2.2290000915527344,2.7699999809265137
2017-09-27,2.309000015258789,2.86299991607666
2017-09-28,2.309000015258789,2.86899995803833
2017-09-29,2.3259999752044678,2.8570001125335693
2017-10-02,2.3369998931884766,2.865000009536743
2017-10-03,2.3340001106262207,2.874000072479248
2017-10-04,2.3299999237060547,2.877000093460083
2017-10-05,2.3499999046325684,2.8929998874664307
2017-10-06,2.369999885559082,2.9059998989105225
2017-10-09,2.3610000610351562,2.8940000534057617
2017-10-10,2.3450000286102295,2.88100004196167
2017-10-11,2.3450000286102295,2.875
2017-10-12,2.322999954223633,2.8529999256134033
2017-10-13,2.2799999713897705,2.812000036239624
2017-10-16,2.306999921798706,2.822000026702881
2017-10-17,2.2980000972747803,2.802999973297119
2017-10-18,2.3389999866485596,2.8499999046325684
2017-10-19,2.321000099182129,2.8289999961853027
2017-10-20,2.38100004196167,2.8940000534057617
2017-10-23,2.375999927520752,2.890000104904175
2017-10-24,2.4059998989105225,2.921999931335449
2017-10-25,2.444000005722046,2.9549999237060547
2017-10-26,2.4519999027252197,2.9600000381469727
2017-10-27,2.427999973297119,2.936000108718872
2017-10-30,2.369999885559082,2.880000114440918
2017-10-31,2.375999927520752,2.875
2017-11-01,2.375999927520752,2.861999988555908
2017-11-02,2.3469998836517334,2.8289999961853027
2017-11-03,2.3429999351501465,2.822000026702881
2017-11-06,2.319999933242798,2.796999931335449
2017-11-07,2.306999921798706,2.7690000534057617
2017-11-08,2.325000047683716,2.7839999198913574
2017-11-09,2.3310000896453857,2.805999994277954
2017-11-10,2.4000000953674316,2.880000114440918
2017-11-13,2.4000000953674316,2.86899995803833
2017-11-14,2.38100004196167,2.8389999866485596
2017-11-15,2.3350000381469727,2.7809998989105225
2017-11-16,2.3610000610351562,2.805999994277954
2017-11-17,2.3540000915527344,2.7929999828338623
2017-11-20,2.371999979019165,2.7929999828338623
2017-11-21,2.36299991607666,2.763000011444092
2017-11-22,2.322000026702881,2.746000051498413
2017-11-24,2.3399999141693115,2.76200008392334
2017-11-27,2.328000068664551,2.765000104904175
2017-11-28,2.3380000591278076,2.7660000324249268
2017-11-29,2.375999927520752,2.816999912261963
2017-11-30,2.4170000553131104,2.8320000171661377
2017-12-01,2.361999988555908,2.757999897003174
2017-12-04,2.378999948501587,2.7690000534057617
2017-12-05,2.3559999465942383,2.7320001125335693
2017-12-06,2.3299999237060547,2.7190001010894775
2017-12-07,2.375999927520752,2.7750000953674316
2017-12-08,2.382999897003174,2.7750000953674316
2017-12-11,2.384999990463257,2.7709999084472656
2017-12-12,2.4030001163482666,2.7809998989105225
2017-12-13,2.3489999771118164,2.7339999675750732
2017-12-14,2.3459999561309814,2.7100000381469727
2017-12-15,2.3550000190734863,2.688999891281128
2017-12-18,2.3919999599456787,2.74399995803833
2017-12-19,2.4630000591278076,2.821000099182129
2017-12-20,2.496999979019165,2.875999927520752
2017-12-21,2.4809999465942383,2.8320000171661377
2017-12-22,2.484999895095825,2.8329999446868896
2017-12-26,2.4670000076293945,2.812999963760376
2017-12-27,2.4140000343322754,2.747999906539917
2017-12-28,2.431999921798706,2.75600004196167
2017-12-29,2.4049999713897705,2.739000082015991
2018-01-02,2.4649999141693115,2.811000108718872
2018-01-03,2.447000026702881,2.7850000858306885
2018-01-04,2.453000068664551,2.7860000133514404
2018-01-05,2.4760000705718994,2.811000108718872
2018-01-08,2.4800000190734863,2.813999891281128
2018-01-09,2.5460000038146973,2.88700008392334
2018-01-10,2.549999952316284,2.8910000324249268
2018-01-11,2.5309998989105225,2.865000009536743
2018-01-12,2.552000045776367,2.8529999256134033
2018-01-16,2.5439999103546143,2.8359999656677246
2018-01-17,2.578000068664551,2.8480000495910645
2018-01-18,2.6110000610351562,2.888000011444092
2018-01-19,2.63700008392334,2.9119999408721924
2018-01-22,2.6649999618530273,2.927999973297119
2018-01-23,2.624000072479248,2.9019999504089355
2018-01-24,2.6540000438690186,2.937999963760376
2018-01-25,2.621000051498413,2.88100004196167
2018-01-26,2.6619999408721924,2.9119999408721924
2018-01-29,2.6989998817443848,2.943000078201294
2018-01-30,2.7260000705718994,2.9800000190734863
2018-01-31,2.7200000286102295,2.941999912261963
2018-02-01,2.7730000019073486,3.005000114440918
2018-02-02,2.8540000915527344,3.0969998836517334
2018-02-05,2.7939999103546143,3.066999912261963
2018-02-06,2.7679998874664307,3.0439999103546143
2018-02-07,2.8440001010894775,3.117000102996826
2018-02-08,2.8510000705718994,3.13700008392334
2018-02-09,2.8289999961853027,3.135999917984009
2018-02-12,2.8570001125335693,3.13700008392334
2018-02-13,2.8399999141693115,3.128000020980835
2018-02-14,2.9130001068115234,3.177000045776367
2018-02-15,2.8910000324249268,3.1419999599456787
2018-02-16,2.877000093460083,3.135999917984009
2018-02-20,2.8929998874664307,3.1549999713897705
2018-02-21,2.943000078201294,3.2200000286102295
2018-02-22,2.9170000553131104,3.2060000896453857
2018-02-23,2.871000051498413,3.1600000858306885
2018-02-26,2.8589999675750732,3.1549999713897705
2018-02-27,2.9079999923706055,3.1740000247955322
2018-02-28,2.868000030517578,3.127000093460083
2018-03-01,2.803999900817871,3.0880000591278076
2018-03-02,2.8570001125335693,3.13100004196167
2018-03-05,2.88100004196167,3.1510000228881836
2018-03-06,2.877000093460083,3.135999917984009
2018-03-07,2.882999897003174,3.1519999504089355
2018-03-08,2.865999937057495,3.132999897003174
2018-03-09,2.8940000534057617,3.1589999198913574
2018-03-12,2.869999885559082,3.128999948501587
2018-03-13,2.8480000495910645,3.1010000705718994
2018-03-14,2.816999912261963,3.058000087738037
2018-03-15,2.8259999752044678,3.061000108718872
2018-03-16,2.8480000495910645,3.0799999237060547
2018-03-19,2.8450000286102295,3.0789999961853027
2018-03-20,2.878999948501587,3.109999895095825
2018-03-21,2.9070000648498535,3.128999948501587
2018-03-22,2.8320000171661377,3.069000005722046
2018-03-23,2.8299999237060547,3.0759999752044678
2018-03-26,2.8429999351501465,3.071000099182129
2018-03-27,2.7860000133514404,3.0290000438690186
2018-03-28,2.7750000953674316,3.0139999389648438
2018-03-29,2.740999937057495,2.9719998836517334
2018-04-02,2.7320001125335693,2.9700000286102295
2018-04-03,2.7839999198913574,3.0179998874664307
2018-04-04,2.7880001068115234,3.0280001163482666
2018-04-05,2.8320000171661377,3.072999954223633
2018-04-06,2.7750000953674316,3.0179998874664307
2018-04-09,2.7860000133514404,3.0179998874664307
2018-04-10,2.796999931335449,3.0169999599456787
2018-04-11,2.7899999618530273,3.00600004196167
2018-04-12,2.8340001106262207,3.0399999618530273
2018-04-13,2.8289999961853027,3.0360000133514404
2018-04-16,2.8320000171661377,3.0299999713897705
2018-04-17,2.813999891281128,2.999000072479248
2018-04-18,2.867000102996826,3.0460000038146973
2018-04-19,2.9140000343322754,3.1050000190734863
2018-04-20,2.9509999752044678,3.1419999599456787
2018-04-23,2.9730000495910645,3.1440000534057617
2018-04-24,2.9830000400543213,3.1679999828338623
2018-04-25,3.0239999294281006,3.2090001106262207
2018-04-26,2.990000009536743,3.174999952316284
2018-04-27,2.9570000171661377,3.125
2018-04-30,2.936000108718872,3.0969998836517334
2018-05-01,2.9760000705718994,3.13700008392334
2018-05-02,2.9639999866485596,3.134999990463257
2018-05-03,2.946000099182129,3.121000051498413
2018-05-04,2.944000005722046,3.115000009536743
2018-05-07,2.950000047683716,3.119999885559082
2018-05-08,2.9690001010894775,3.125
2018-05-09,3.003999948501587,3.1549999713897705
2018-05-10,2.9709999561309814,3.121000051498413
2018-05-11,2.9709999561309814,3.1110000610351562
2018-05-14,2.994999885559082,3.128999948501587
2018-05-15,3.0799999237060547,3.2090001106262207
2018-05-16,3.0950000286102295,3.2160000801086426
2018-05-17,3.1089999675750732,3.246000051498413
2018-05-18,3.066999912261963,3.2100000381469727
2018-05-21,3.065000057220459,3.2070000171661377
2018-05-22,3.065000057220459,3.2090001106262207
2018-05-23,3.003000020980835,3.1689999103546143
2018-05-24,2.9809999465942383,3.13100004196167
2018-05-25,2.930999994277954,3.0899999141693115
2018-05-29,2.7679998874664307,2.9679999351501465
2018-05-30,2.8420000076293945,3.0139999389648438
2018-05-31,2.822000026702881,2.9860000610351562
2018-06-01,2.8949999809265137,3.0460000038146973
2018-06-04,2.937000036239624,3.0840001106262207
2018-06-05,2.9189999103546143,3.075000047683716
2018-06-06,2.9749999046325684,3.130000114440918
2018-06-07,2.933000087738037,3.0799999237060547
2018-06-08,2.937000036239624,3.0820000171661377
2018-06-11,2.9570000171661377,3.0980000495910645
2018-06-12,2.9570000171661377,3.0920000076293945
2018-06-13,2.9769999980926514,3.1010000705718994
2018-06-14,2.946000099182129,3.066999912261963
2018-06-15,2.9240000247955322,3.046999931335449
2018-06-18,2.9260001182556152,3.055000066757202
2018-06-19,2.8929998874664307,3.0280001163482666
2018-06-20,2.927999973297119,3.062999963760376
2018-06-21,2.8970000743865967,3.0429999828338623
2018-06-22,2.9000000953674316,3.0450000762939453
2018-06-25,2.875,3.0239999294281006
2018-06-26,2.880000114440918,3.0280001163482666
2018-06-27,2.8269999027252197,2.9709999561309814
2018-06-28,2.8469998836517334,2.9779999256134033
2018-06-29,2.8489999771118164,2.9830000400543213
2018-07-02,2.865999937057495,2.990000009536743
2018-07-03,2.8380000591278076,2.9660000801086426
2018-07-05,2.8399999141693115,2.953000068664551
2018-07-06,2.8310000896453857,2.940999984741211
2018-07-09,2.859999895095825,2.9660000801086426
2018-07-10,2.872999906539917,2.9709999561309814
2018-07-11,2.8420000076293945,2.944999933242798
2018-07-12,2.8529999256134033,2.950000047683716
2018-07-13,2.8310000896453857,2.933000087738037
2018-07-16,2.8580000400543213,2.9670000076293945
2018-07-17,2.864000082015991,2.9709999561309814
2018-07-18,2.875,2.989000082015991
2018-07-19,2.8469998836517334,2.9670000076293945
2018-07-20,2.8949999809265137,3.0309998989105225
2018-07-23,2.9649999141693115,3.1040000915527344
2018-07-24,2.9489998817443848,3.0759999752044678
2018-07-25,2.936000108718872,3.063999891281128
2018-07-26,2.9749999046325684,3.0999999046325684
2018-07-27,2.9600000381469727,3.0880000591278076
2018-07-30,2.9749999046325684,3.1059999465942383
2018-07-31,2.9639999866485596,3.0829999446868896
2018-08-01,3.003000020980835,3.127000093460083
2018-08-02,2.9860000610351562,3.119999885559082
2018-08-03,2.953000068664551,3.0929999351501465
2018-08-06,2.937999963760376,3.0820000171661377
2018-08-07,2.9730000495910645,3.118000030517578
2018-08-08,2.9709999561309814,3.118000030517578
2018-08-09,2.934999942779541,3.0820000171661377
2018-08-10,2.8570001125335693,3.0160000324249268
2018-08-13,2.877000093460083,3.0460000038146973
2018-08-14,2.8949999809265137,3.062000036239624
2018-08-15,2.8519999980926514,3.0239999294281006
2018-08-16,2.871000051498413,3.0320000648498535
2018-08-17,2.872999906539917,3.0290000438690186
2018-08-20,2.822999954223633,2.9830000400543213
2018-08-21,2.8440001010894775,3.000999927520752
2018-08-22,2.822999954223633,2.9860000610351562
2018-08-23,2.821000099182129,2.9730000495910645
2018-08-24,2.8259999752044678,2.9749999046325684
2018-08-27,2.8480000495910645,2.996999979019165
2018-08-28,2.884000062942505,3.0339999198913574
2018-08-29,2.884000062942505,3.0209999084472656
2018-08-30,2.859999895095825,3.00600004196167
2018-08-31,2.8529999256134033,3.009999990463257
2018-09-04,2.9019999504089355,3.069000005722046
2018-09-05,2.9019999504089355,3.0739998817443848
2018-09-06,2.878999948501587,3.053999900817871
2018-09-07,2.941999912261963,3.1029999256134033
2018-09-10,2.937000036239624,3.0880000591278076
2018-09-11,2.9769999980926514,3.124000072479248
2018-09-12,2.9630000591278076,3.1059999465942383
2018-09-13,2.9630000591278076,3.1010000705718994
2018-09-14,2.99399995803833,3.131999969482422
2018-09-17,3.000999927520752,3.138000011444092
2018-09-18,3.0480000972747803,3.194999933242798
2018-09-19,3.0829999446868896,3.236999988555908
2018-09-20,3.078000068664551,3.2149999141693115
2018-09-21,3.068000078201294,3.2049999237060547
2018-09-24,3.078000068664551,3.2100000381469727
2018-09-25,3.1019999980926514,3.2330000400543213
2018-09-26,3.061000108718872,3.190999984741211
2018-09-27,3.055999994277954,3.183000087738037
2018-09-28,3.055999994277954,3.197000026702881
2018-10-01,3.0799999237060547,3.2320001125335693
2018-10-02,3.055999994277954,3.2070000171661377
2018-10-03,3.1610000133514404,3.319000005722046
2018-10-04,3.197000026702881,3.3550000190734863
2018-10-05,3.2249999046325684,3.3949999809265137
2018-10-08,3.2330000400543213,3.4049999713897705
2018-10-09,3.2079999446868896,3.369999885559082
2018-10-10,3.2249999046325684,3.3980000019073486
2018-10-11,3.132999897003174,3.306999921798706
2018-10-12,3.1410000324249268,3.315999984741211
2018-10-15,3.1630001068115234,3.3410000801086426
2018-10-16,3.1559998989105225,3.3299999237060547
2018-10-17,3.178999900817871,3.3459999561309814
2018-10-18,3.174999952316284,3.3589999675750732
2018-10-19,3.197999954223633,3.384000062942505
2018-10-22,3.196000099182129,3.382999897003174
2018-10-23,3.1659998893737793,3.364000082015991
2018-10-24,3.124000072479248,3.3459999561309814
2018-10-25,3.135999917984009,3.3459999561309814
2018-10-26,3.0769999027252197,3.316999912261963
2018-10-29,3.0869998931884766,3.3289999961853027
2018-10-30,3.109999895095825,3.3559999465942383
2018-10-31,3.1589999198913574,3.4019999504089355
2018-11-01,3.1440000534057617,3.38700008392334
2018-11-02,3.2139999866485596,3.453000068664551
2018-11-05,3.2009999752044678,3.431999921798706
2018-11-06,3.2139999866485596,3.4260001182556152
2018-11-07,3.2130000591278076,3.424999952316284
2018-11-08,3.2339999675750732,3.427000045776367
2018-11-09,3.188999891281128,3.3919999599456787
2018-11-12,3.186000108718872,3.38700008392334
2018-11-13,3.1449999809265137,3.367000102996826
2018-11-14,3.119999885559082,3.3540000915527344
2018-11-15,3.118000030517578,3.368000030517578
2018-11-16,3.0739998817443848,3.3269999027252197
2018-11-19,3.056999921798706,3.315999984741211
2018-11-20,3.0480000972747803,3.305000066757202
2018-11-21,3.061000108718872,3.311000108718872
2018-11-23,3.053999900817871,3.309999942779541
2018-11-26,3.072000026702881,3.319999933242798
2018-11-27,3.055000066757202,3.319000005722046
2018-11-28,3.0439999103546143,3.3289999961853027
2018-11-29,3.0350000858306885,3.328000068664551
2018-11-30,3.013000011444092,3.311000108718872
2018-12-03,2.992000102996826,3.2780001163482666
2018-12-04,2.9240000247955322,3.177999973297119
2018-12-06,2.875999927520752,3.135999917984009
2018-12-07,2.8499999046325684,3.1429998874664307
2018-12-10,2.8559999465942383,3.128999948501587
2018-12-11,2.878999948501587,3.128999948501587
2018-12-12,2.9059998989105225,3.1480000019073486
2018-12-13,2.9110000133514404,3.1630001068115234
2018-12-14,2.8910000324249268,3.1429998874664307
2018-12-17,2.8570001125335693,3.114000082015991
2018-12-18,2.825000047683716,3.0789999961853027
2018-12-19,2.7780001163482666,3.015000104904175
2018-12-20,2.7890000343322754,3.01200008392334
2018-12-21,2.7920000553131104,3.0280001163482666
2018-12-24,2.749000072479248,3.003000020980835
2018-12-26,2.796999931335449,3.0480000972747803
2018-12-27,2.743000030517578,3.0299999713897705
2018-12-28,2.7360000610351562,3.0420000553131104
2018-12-31,2.686000108718872,3.0199999809265137
2019-01-02,2.6610000133514404,2.9820001125335693
2019-01-03,2.553999900817871,2.9000000953674316
2019-01-04,2.6589999198913574,2.9739999771118164
2019-01-07,2.681999921798706,2.9779999256134033
2019-01-08,2.7160000801086426,2.993000030517578
2019-01-09,2.7279999256134033,3.0239999294281006
2019-01-10,2.7309999465942383,3.0510001182556152
2019-01-11,2.7009999752044678,3.0369999408721924
2019-01-14,2.7100000381469727,3.059999942779541
2019-01-15,2.7109999656677246,3.071000099182129
2019-01-16,2.7309999465942383,3.0769999027252197
2019-01-17,2.749000072479248,3.0769999027252197
2019-01-18,2.7839999198913574,3.0980000495910645
2019-01-22,2.7300000190734863,3.053999900817871
2019-01-23,2.755000114440918,3.069000005722046
2019-01-24,2.7119998931884766,3.0329999923706055
2019-01-25,2.753000020980835,3.062000036239624
2019-01-28,2.74399995803833,3.061000108718872
2019-01-29,2.7119998931884766,3.0409998893737793
2019-01-30,2.694999933242798,3.052999973297119
2019-01-31,2.634999990463257,3.005000114440918
2019-02-01,2.690999984741211,3.0320000648498535
2019-02-04,2.7239999771118164,3.059999942779541
2019-02-05,2.7019999027252197,3.0350000858306885
2019-02-06,2.7019999027252197,3.0380001068115234
2019-02-07,2.6519999504089355,2.993000030517578
2019-02-08,2.631999969482422,2.9760000705718994
2019-02-11,2.6610000133514404,2.999000072479248
2019-02-12,2.684000015258789,3.0220000743865967
2019-02-13,2.7079999446868896,3.0339999198913574
2019-02-14,2.6570000648498535,3.006999969482422
2019-02-15,2.6659998893737793,2.996999979019165
2019-02-19,2.6470000743865967,2.990999937057495
2019-02-20,2.6540000438690186,3.0
2019-02-21,2.687999963760376,3.0450000762939453
2019-02-22,2.6549999713897705,3.0199999809265137
2019-02-25,2.6730000972747803,3.0339999198913574
2019-02-26,2.635999917984009,3.00600004196167
2019-02-27,2.693000078201294,3.069000005722046
2019-02-28,2.7109999656677246,3.0829999446868896
2019-03-01,2.755000114440918,3.124000072479248
2019-03-04,2.7219998836517334,3.0899999141693115
2019-03-05,2.7219998836517334,3.0869998931884766
2019-03-06,2.691999912261963,3.071000099182129
2019-03-07,2.635999917984009,3.0250000953674316
2019-03-08,2.625,3.009000062942505
2019-03-11,2.6429998874664307,3.0329999923706055
2019-03-12,2.6050000190734863,2.98799991607666
2019-03-13,2.6110000610351562,3.009999990463257
2019-03-14,2.630000114440918,3.0450000762939453
2019-03-15,2.5929999351501465,3.0199999809265137
2019-03-18,2.6019999980926514,3.010999917984009
2019-03-19,2.614000082015991,3.0280001163482666
2019-03-20,2.5350000858306885,2.9749999046325684
2019-03-21,2.5369999408721924,2.9639999866485596
2019-03-22,2.4549999237060547,2.8889999389648438
2019-03-25,2.4200000762939453,2.867000102996826
2019-03-26,2.4140000343322754,2.867000102996826
2019-03-27,2.374000072479248,2.821000099182129
2019-03-28,2.3889999389648438,2.811000108718872
2019-03-29,2.4140000343322754,2.822000026702881
2019-04-01,2.496999979019165,2.890000104904175
2019-04-02,2.4809999465942383,2.888000011444092
2019-04-03,2.5169999599456787,2.928999900817871
2019-04-04,2.51200008392334,2.921999931335449
2019-04-05,2.500999927520752,2.9089999198913574
2019-04-08,2.5190000534057617,2.924999952316284
2019-04-09,2.499000072479248,2.9110000133514404
2019-04-10,2.4769999980926514,2.9040000438690186
2019-04-11,2.503999948501587,2.937999963760376
2019-04-12,2.559999942779541,2.9709999561309814
2019-04-15,2.552999973297119,2.9630000591278076
2019-04-16,2.5920000076293945,2.993000030517578
2019-04-17,2.5920000076293945,2.990999937057495
2019-04-18,2.559999942779541,2.9590001106262207
2019-04-22,2.5899999141693115,2.99399995803833
2019-04-23,2.569999933242798,2.9809999465942383
2019-04-24,2.5220000743865967,2.940999984741211
2019-04-25,2.5339999198913574,2.947000026702881
2019-04-26,2.505000114440918,2.927000045776367
2019-04-29,2.5360000133514404,2.9649999141693115
2019-04-30,2.509000062942505,2.940000057220459
2019-05-01,2.510999917984009,2.9170000553131104
2019-05-02,2.552000045776367,2.943000078201294
2019-05-03,2.5309998989105225,2.9260001182556152
2019-05-06,2.5,2.9070000648498535
2019-05-07,2.447999954223633,2.861999988555908
2019-05-08,2.4820001125335693,2.8889999389648438
2019-05-09,2.4570000171661377,2.877000093460083
2019-05-10,2.4549999237060547,2.872999906539917
2019-05-13,2.4049999713897705,2.8380000591278076
2019-05-14,2.4189999103546143,2.8519999980926514
2019-05-15,2.378999948501587,2.822999954223633
2019-05-16,2.4049999713897705,2.8399999141693115
2019-05-17,2.3929998874664307,2.8239998817443848
2019-05-20,2.4159998893737793,2.8350000381469727
2019-05-21,2.4260001182556152,2.8420000076293945
2019-05-22,2.3929998874664307,2.818000078201294
2019-05-23,2.2960000038146973,2.7320001125335693
2019-05-24,2.3239998817443848,2.752000093460083
2019-05-28,2.2679998874664307,2.7070000171661377
2019-05-29,2.2360000610351562,2.6730000972747803
2019-05-30,2.2269999980926514,2.6540000438690186
2019-05-31,2.1419999599456787,2.5829999446868896
2019-06-03,2.0810000896453857,2.5480000972747803
2019-06-04,2.11899995803833,2.6029999256134033
2019-06-05,2.122999906539917,2.632999897003174
2019-06-06,2.124000072479248,2.621999979019165
2019-06-07,2.0840001106262207,2.571000099182129
2019-06-10,2.1429998874664307,2.621999979019165
2019-06-11,2.140000104904175,2.617000102996826
2019-06-12,2.127000093460083,2.622999906539917
2019-06-13,2.0910000801086426,2.6010000705718994
2019-06-14,2.0929999351501465,2.5920000076293945
2019-06-17,2.0859999656677246,2.5769999027252197
2019-06-18,2.059999942779541,2.552000045776367
2019-06-19,2.0290000438690186,2.5399999618530273
2019-06-20,2.000999927520752,2.5269999504089355
2019-06-21,2.068000078201294,2.5920000076293945
2019-06-24,2.0209999084472656,2.549999952316284
2019-06-25,1.99399995803833,2.5260000228881836
2019-06-26,2.0490000247955322,2.565000057220459
2019-06-27,2.005000114440918,2.5239999294281006
2019-06-28,2.0,2.5280001163482666
2019-07-01,2.0339999198913574,2.559000015258789
2019-07-02,1.9759999513626099,2.506999969482422
2019-07-03,1.9529999494552612,2.4700000286102295
2019-07-05,2.0480000972747803,2.5490000247955322
2019-07-08,2.0339999198913574,2.5199999809265137
2019-07-09,2.053999900817871,2.5309998989105225
2019-07-10,2.061000108718872,2.571000099182129
2019-07-11,2.119999885559082,2.6410000324249268
2019-07-12,2.1059999465942383,2.632999897003174
2019-07-15,2.0920000076293945,2.611999988555908
2019-07-16,2.121999979019165,2.631999969482422
2019-07-17,2.061000108718872,2.572999954223633
2019-07-18,2.0380001068115234,2.568000078201294
2019-07-19,2.0480000972747803,2.578000068664551
2019-07-22,2.0429999828338623,2.569999933242798
2019-07-23,2.0739998817443848,2.6080000400543213
2019-07-24,2.049999952316284,2.578000068664551
2019-07-25,2.0739998817443848,2.6029999256134033
2019-07-26,2.0810000896453857,2.6010000705718994
2019-07-29,2.055000066757202,2.5829999446868896
2019-07-30,2.061000108718872,2.5859999656677246
2019-07-31,2.0209999084472656,2.5269999504089355
2019-08-01,1.8940000534057617,2.440999984741211
2019-08-02,1.8550000190734863,2.3910000324249268
2019-08-05,1.7350000143051147,2.2950000762939453
2019-08-06,1.7389999628067017,2.2690000534057617
2019-08-07,1.684000015258789,2.197000026702881
2019-08-08,1.715999960899353,2.2320001125335693
2019-08-09,1.7339999675750732,2.247999906539917
2019-08-12,1.6390000581741333,2.130000114440918
2019-08-13,1.6799999475479126,2.13700008392334
2019-08-14,1.5809999704360962,2.0250000953674316
2019-08-15,1.5290000438690186,1.9800000190734863
2019-08-16,1.5390000343322754,2.0
2019-08-19,1.5980000495910645,2.0850000381469727
2019-08-20,1.5609999895095825,2.0439999103546143
2019-08-21,1.5770000219345093,2.052999973297119
2019-08-22,1.6100000143051147,2.1019999980926514
2019-08-23,1.527999997138977,2.0250000953674316
2019-08-26,1.5449999570846558,2.0399999618530273
2019-08-27,1.4900000095367432,1.968999981880188
2019-08-28,1.465999960899353,1.937999963760376
2019-08-29,1.5160000324249268,1.9789999723434448
2019-08-30,1.50600004196167,1.9700000286102295
2019-09-03,1.465999960899353,1.9490000009536743
2019-09-04,1.4589999914169312,1.9559999704360962
2019-09-05,1.565000057220459,2.053999900817871
2019-09-06,1.5499999523162842,2.0199999809265137
2019-09-09,1.621999979019165,2.0980000495910645
2019-09-10,1.7020000219345093,2.181999921798706
2019-09-11,1.7330000400543213,2.2079999446868896
2019-09-12,1.7910000085830688,2.2639999389648438
2019-09-13,1.902999997138977,2.378000020980835
2019-09-16,1.840999960899353,2.308000087738037
2019-09-17,1.812000036239624,2.2799999713897705
2019-09-18,1.7860000133514404,2.2360000610351562
2019-09-19,1.7740000486373901,2.2130000591278076
2019-09-20,1.7549999952316284,2.1989998817443848
2019-09-23,1.7079999446868896,2.1540000438690186
2019-09-24,1.6349999904632568,2.0950000286102295
2019-09-25,1.7319999933242798,2.184000015258789
2019-09-26,1.684999942779541,2.128000020980835
2019-09-27,1.6749999523162842,2.124000072479248
2019-09-30,1.6749999523162842,2.121000051498413
2019-10-01,1.6440000534057617,2.1050000190734863
2019-10-02,1.5959999561309814,2.0859999656677246
2019-10-03,1.5360000133514404,2.0380001068115234
2019-10-04,1.5149999856948853,2.015000104904175
2019-10-07,1.5529999732971191,2.0450000762939453
2019-10-08,1.5369999408721924,2.0409998893737793
2019-10-09,1.5889999866485596,2.0869998931884766
2019-10-10,1.6579999923706055,2.1519999504089355
2019-10-11,1.7519999742507935,2.2149999141693115
2019-10-14,1.7330000400543213,2.197000026702881
2019-10-15,1.7710000276565552,2.2330000400543213
2019-10-16,1.7480000257492065,2.2330000400543213
2019-10-17,1.7569999694824219,2.243000030517578
2019-10-18,1.746999979019165,2.246000051498413
2019-10-21,1.7920000553131104,2.2839999198913574
2019-10-22,1.7680000066757202,2.250999927520752
2019-10-23,1.7589999437332153,2.250999927520752
2019-10-24,1.7660000324249268,2.259000062942505
2019-10-25,1.8009999990463257,2.2920000553131104
2019-10-28,1.8530000448226929,2.3480000495910645
2019-10-29,1.8350000381469727,2.3299999237060547
2019-10-30,1.7979999780654907,2.2720000743865967
2019-10-31,1.690999984741211,2.1760001182556152
2019-11-01,1.7280000448226929,2.2119998931884766
2019-11-04,1.7860000133514404,2.2730000019073486
2019-11-05,1.8660000562667847,2.3480000495910645
2019-11-06,1.8140000104904175,2.296999931335449
2019-11-07,1.9259999990463257,2.4030001163482666
2019-11-08,1.9329999685287476,2.4170000553131104
2019-11-11,1.9429999589920044,2.427000045776367
2019-11-12,1.909000039100647,2.384000062942505
2019-11-13,1.8700000047683716,2.3510000705718994
2019-11-14,1.815000057220459,2.296999931335449
2019-11-15,1.8339999914169312,2.311000108718872
2019-11-18,1.8079999685287476,2.2929999828338623
2019-11-19,1.7860000133514404,2.255000114440918
2019-11-20,1.7380000352859497,2.203000068664551
2019-11-21,1.7719999551773071,2.2309999465942383
2019-11-22,1.7740000486373901,2.2230000495910645
2019-11-25,1.7640000581741333,2.2070000171661377
2019-11-26,1.7400000095367432,2.177999973297119
2019-11-27,1.7669999599456787,2.193000078201294
2019-11-29,1.7760000228881836,2.2019999027252197
2019-12-02,1.8359999656677246,2.2850000858306885
2019-12-03,1.7089999914169312,2.1600000858306885
2019-12-04,1.781000018119812,2.2290000915527344
2019-12-05,1.7970000505447388,2.246999979019165
2019-12-06,1.8420000076293945,2.2839999198913574
2019-12-09,1.8289999961853027,2.2639999389648438
2019-12-10,1.8329999446868896,2.253000020980835
2019-12-11,1.7899999618530273,2.2200000286102295
2019-12-12,1.8969999551773071,2.318000078201294
2019-12-13,1.819000005722046,2.25
2019-12-16,1.8919999599456787,2.309999942779541
2019-12-17,1.8890000581741333,2.315999984741211
2019-12-18,1.9240000247955322,2.3510000705718994
2019-12-19,1.9079999923706055,2.3440001010894775
2019-12-20,1.9170000553131104,2.3459999561309814
2019-12-23,1.934999942779541,2.36299991607666
2019-12-24,1.909999966621399,2.3389999866485596
2019-12-26,1.9049999713897705,2.3369998931884766
2019-12-27,1.8739999532699585,2.311000108718872
2019-12-30,1.8949999809265137,2.3429999351501465
2019-12-31,1.9190000295639038,2.3889999389648438
2020-01-02,1.8819999694824219,2.3410000801086426
2020-01-03,1.7879999876022339,2.249000072479248
2020-01-06,1.8109999895095825,2.2809998989105225
2020-01-07,1.8270000219345093,2.305000066757202
2020-01-08,1.8739999532699585,2.3580000400543213
2020-01-09,1.8580000400543213,2.3299999237060547
2020-01-10,1.8250000476837158,2.2839999198913574
2020-01-13,1.8480000495910645,2.306999921798706
2020-01-14,1.8179999589920044,2.2750000953674316
2020-01-15,1.7879999876022339,2.242000102996826
2020-01-16,1.809000015258789,2.260999917984009
2020-01-17,1.8359999656677246,2.2960000038146973
2020-01-21,1.7690000534057617,2.2309999465942383
2020-01-22,1.7690000534057617,2.2179999351501465
2020-01-23,1.7400000095367432,2.181999921798706
2020-01-24,1.680999994277954,2.128000020980835
2020-01-27,1.6050000190734863,2.055000066757202
2020-01-28,1.6410000324249268,2.0950000286102295
2020-01-29,1.593999981880188,2.052999973297119
2020-01-30,1.5579999685287476,2.0280001163482666
2020-01-31,1.5199999809265137,2.015000104904175
2020-02-03,1.5199999809265137,1.996999979019165
2020-02-04,1.6030000448226929,2.0810000896453857
2020-02-05,1.6490000486373901,2.132999897003174
2020-02-06,1.6440000534057617,2.114000082015991
2020-02-07,1.5779999494552612,2.0420000553131104
2020-02-10,1.5470000505447388,2.0199999809265137
2020-02-11,1.590000033378601,2.0510001182556152
2020-02-12,1.6299999952316284,2.0910000801086426
2020-02-13,1.6169999837875366,2.071000099182129
2020-02-14,1.5880000591278076,2.0429999828338623
2020-02-18,1.555999994277954,2.00600004196167
2020-02-19,1.5700000524520874,2.0160000324249268
2020-02-20,1.524999976158142,1.972000002861023
2020-02-21,1.4709999561309814,1.9179999828338623
2020-02-24,1.3769999742507935,1.8370000123977661
2020-02-25,1.3300000429153442,1.8040000200271606
2020-02-26,1.309999942779541,1.7960000038146973
2020-02-27,1.2990000247955322,1.784000039100647
2020-02-28,1.1269999742507935,1.6710000038146973
2020-03-02,1.0880000591278076,1.6460000276565552
2020-03-03,1.0099999904632568,1.6299999952316284
2020-03-04,0.9919999837875366,1.6349999904632568
2020-03-05,0.9259999990463257,1.5709999799728394
2020-03-06,0.7059999704360962,1.215000033378601
2020-03-09,0.49900001287460327,0.9369999766349792
2020-03-10,0.7480000257492065,1.218999981880188
2020-03-11,0.8199999928474426,1.3079999685287476
2020-03-12,0.8489999771118164,1.406999945640564
2020-03-13,0.9509999752044678,1.5520000457763672
2020-03-16,0.7279999852180481,1.3339999914169312
2020-03-17,0.996999979019165,1.5820000171661377
2020-03-18,1.2660000324249268,1.8969999551773071
2020-03-19,1.11899995803833,1.7400000095367432
2020-03-20,0.9380000233650208,1.555999994277954
2020-03-23,0.7639999985694885,1.343999981880188
2020-03-24,0.8159999847412109,1.36899995803833
2020-03-25,0.8579999804496765,1.4229999780654907
2020-03-26,0.8109999895095825,1.3949999809265137
2020-03-27,0.7490000128746033,1.3370000123977661
2020-03-30,0.6700000166893005,1.281999945640564
2020-03-31,0.6980000138282776,1.3509999513626099
2020-04-01,0.6349999904632568,1.2890000343322754
2020-04-02,0.6269999742507935,1.2699999809265137
2020-04-03,0.5870000123977661,1.2139999866485596
2020-04-06,0.6759999990463257,1.284000039100647
2020-04-07,0.7360000014305115,1.3320000171661377
2020-04-08,0.7639999985694885,1.3639999628067017
2020-04-09,0.7289999723434448,1.3530000448226929
2020-04-13,0.7490000128746033,1.3910000324249268
2020-04-14,0.7519999742507935,1.4119999408721924
2020-04-15,0.6380000114440918,1.274999976158142
2020-04-16,0.609000027179718,1.2100000381469727
2020-04-17,0.6539999842643738,1.2760000228881836
2020-04-20,0.6259999871253967,1.2369999885559082
2020-04-21,0.5709999799728394,1.1619999408721924
2020-04-22,0.6190000176429749,1.2200000286102295
2020-04-23,0.6129999756813049,1.2039999961853027
2020-04-24,0.5960000157356262,1.1770000457763672
2020-04-27,0.656000018119812,1.2510000467300415
2020-04-28,0.6100000143051147,1.2059999704360962
2020-04-29,0.6269999742507935,1.2450000047683716
2020-04-30,0.621999979019165,1.2660000324249268
2020-05-01,0.6420000195503235,1.277999997138977
2020-05-04,0.6370000243186951,1.2970000505447388
2020-05-05,0.6570000052452087,1.3300000429153442
2020-05-06,0.7110000252723694,1.4149999618530273
2020-05-07,0.6309999823570251,1.3220000267028809
2020-05-08,0.6819999814033508,1.3860000371932983
2020-05-11,0.7260000109672546,1.4450000524520874
2020-05-12,0.6779999732971191,1.38100004196167
2020-05-13,0.6489999890327454,1.340999960899353
2020-05-14,0.6190000176429749,1.2960000038146973
2020-05-15,0.6399999856948853,1.319000005722046
2020-05-18,0.7440000176429749,1.4579999446868896
2020-05-19,0.7110000252723694,1.434999942779541
2020-05-20,0.6800000071525574,1.3990000486373901
2020-05-21,0.6769999861717224,1.3990000486373901
2020-05-22,0.6570000052452087,1.371000051498413
2020-05-26,0.6980000138282776,1.4390000104904175
2020-05-27,0.6800000071525574,1.434000015258789
2020-05-28,0.7049999833106995,1.4739999771118164
2020-05-29,0.6480000019073486,1.406999945640564
2020-06-01,0.6620000004768372,1.4550000429153442
2020-06-02,0.6800000071525574,1.4789999723434448
2020-06-03,0.7609999775886536,1.5509999990463257
2020-06-04,0.8199999928474426,1.6239999532699585
2020-06-05,0.9039999842643738,1.6779999732971191
2020-06-08,0.8840000033378601,1.659999966621399
2020-06-09,0.8289999961853027,1.5829999446868896
2020-06-10,0.7480000257492065,1.5199999809265137
2020-06-11,0.652999997138977,1.4010000228881836
2020-06-12,0.6990000009536743,1.4500000476837158
2020-06-15,0.7020000219345093,1.4479999542236328
2020-06-16,0.7559999823570251,1.5390000343322754
2020-06-17,0.7329999804496765,1.5240000486373901
2020-06-18,0.6940000057220459,1.4609999656677246
2020-06-19,0.6970000267028809,1.4700000286102295
2020-06-22,0.7039999961853027,1.4609999656677246
2020-06-23,0.7089999914169312,1.4889999628067017
2020-06-24,0.6840000152587891,1.4450000524520874
2020-06-25,0.6740000247955322,1.4179999828338623
2020-06-26,0.6359999775886536,1.371999979019165
2020-06-29,0.6359999775886536,1.3910000324249268
2020-06-30,0.652999997138977,1.409000039100647
2020-07-01,0.6819999814033508,1.4329999685287476
2020-07-02,0.6690000295639038,1.4290000200271606
2020-07-06,0.6840000152587891,1.4429999589920044
2020-07-07,0.6499999761581421,1.3899999856948853
2020-07-08,0.652999997138977,1.3919999599456787
2020-07-09,0.6050000190734863,1.3079999685287476
2020-07-10,0.6330000162124634,1.3259999752044678
2020-07-13,0.6399999856948853,1.3370000123977661
2020-07-14,0.6150000095367432,1.3020000457763672
2020-07-15,0.6299999952316284,1.3309999704360962
2020-07-16,0.6119999885559082,1.3009999990463257
2020-07-17,0.628000020980835,1.3289999961853027
2020-07-20,0.6200000047683716,1.319000005722046
2020-07-21,0.6069999933242798,1.312999963760376
2020-07-22,0.5950000286102295,1.2890000343322754
2020-07-23,0.5820000171661377,1.2489999532699585
2020-07-24,0.5889999866485596,1.2389999628067017
2020-07-27,0.609000027179718,1.2519999742507935
2020-07-28,0.5809999704360962,1.2230000495910645
2020-07-29,0.5789999961853027,1.2419999837875366
2020-07-30,0.5410000085830688,1.1979999542236328
2020-07-31,0.5360000133514404,1.1979999542236328
2020-08-03,0.5630000233650208,1.2450000047683716
2020-08-04,0.5149999856948853,1.190999984741211
2020-08-05,0.5429999828338623,1.218999981880188
2020-08-06,0.5360000133514404,1.2009999752044678
2020-08-07,0.5619999766349792,1.2289999723434448
2020-08-10,0.5740000009536743,1.2480000257492065
2020-08-11,0.6579999923706055,1.3480000495910645
2020-08-12,0.6700000166893005,1.3650000095367432
2020-08-13,0.7160000205039978,1.4259999990463257
2020-08-14,0.7089999914169312,1.4420000314712524
2020-08-17,0.6830000281333923,1.4240000247955322
2020-08-18,0.6690000295639038,1.3980000019073486
2020-08-19,0.675000011920929,1.4149999618530273
2020-08-20,0.6439999938011169,1.3769999742507935
2020-08-21,0.6399999856948853,1.3530000448226929
2020-08-24,0.6460000276565552,1.350000023841858
2020-08-25,0.6819999814033508,1.3880000114440918
2020-08-26,0.6869999766349792,1.406000018119812
2020-08-27,0.7459999918937683,1.5
2020-08-28,0.7289999723434448,1.5080000162124634
2020-08-31,0.6930000185966492,1.4520000219345093
2020-09-01,0.671999990940094,1.4249999523162842
2020-09-02,0.6510000228881836,1.375
2020-09-03,0.621999979019165,1.340999960899353
2020-09-04,0.7210000157356262,1.4700000286102295
2020-09-08,0.6840000152587891,1.4229999780654907
2020-09-09,0.703000009059906,1.4579999446868896
2020-09-10,0.6850000023841858,1.434000015258789
2020-09-11,0.6690000295639038,1.4170000553131104
2020-09-14,0.6710000038146973,1.409000039100647
2020-09-15,0.6790000200271606,1.4320000410079956
2020-09-16,0.6869999766349792,1.4470000267028809
2020-09-17,0.6840000152587891,1.4290000200271606
2020-09-18,0.6940000057220459,1.4529999494552612
2020-09-21,0.6710000038146973,1.4270000457763672
2020-09-22,0.6639999747276306,1.4140000343322754
2020-09-23,0.6759999990463257,1.4249999523162842
2020-09-24,0.6660000085830688,1.4010000228881836
2020-09-25,0.6589999794960022,1.4049999713897705
2020-09-28,0.6629999876022339,1.4229999780654907
2020-09-29,0.6449999809265137,1.406000018119812
2020-09-30,0.6769999861717224,1.4509999752044678
2020-10-01,0.6769999861717224,1.4539999961853027
2020-10-02,0.6959999799728394,1.4809999465942383
2020-10-05,0.7620000243186951,1.5670000314712524
2020-10-06,0.7419999837875366,1.5360000133514404
2020-10-07,0.7850000262260437,1.5880000591278076
2020-10-08,0.7649999856948853,1.565999984741211
2020-10-09,0.7749999761581421,1.5740000009536743
2020-10-12,0.7770000100135803,1.5740000009536743
2020-10-13,0.7269999980926514,1.5130000114440918
2020-10-14,0.722000002861023,1.5
2020-10-15,0.7310000061988831,1.5069999694824219
2020-10-16,0.7440000176429749,1.5290000438690186
2020-10-19,0.7609999775886536,1.5479999780654907
2020-10-20,0.796999990940094,1.6039999723434448
2020-10-21,0.8159999847412109,1.628999948501587
2020-10-22,0.8479999899864197,1.6579999923706055
2020-10-23,0.8410000205039978,1.6449999809265137
2020-10-26,0.8009999990463257,1.593999981880188
2020-10-27,0.777999997138977,1.5709999799728394
2020-10-28,0.781000018119812,1.5700000524520874
2020-10-29,0.8349999785423279,1.625
2020-10-30,0.8600000143051147,1.6399999856948853
2020-11-02,0.8489999771118164,1.6239999532699585
2020-11-03,0.8820000290870667,1.6549999713897705
2020-11-04,0.7680000066757202,1.5460000038146973
2020-11-05,0.7760000228881836,1.5440000295639038
2020-11-06,0.8199999928474426,1.5989999771118164
2020-11-09,0.9580000042915344,1.7510000467300415
2020-11-10,0.972000002861023,1.7599999904632568
2020-11-11,0.9580000042915344,1.7389999628067017
2020-11-12,0.8849999904632568,1.6510000228881836
2020-11-13,0.8930000066757202,1.6480000019073486
2020-11-16,0.906000018119812,1.659999966621399
2020-11-17,0.871999979019165,1.6260000467300415
2020-11-18,0.8820000290870667,1.6180000305175781
2020-11-19,0.8539999723434448,1.5779999494552612
2020-11-20,0.8289999961853027,1.531999945640564
2020-11-23,0.8569999933242798,1.562000036239624
2020-11-24,0.8820000290870667,1.6030000448226929
2020-11-25,0.878000020980835,1.6200000047683716
2020-11-27,0.8420000076293945,1.5740000009536743
2020-11-30,0.843999981880188,1.5729999542236328
2020-12-01,0.9340000152587891,1.6759999990463257
2020-12-02,0.9480000138282776,1.7039999961853027
2020-12-03,0.9200000166893005,1.6660000085830688
2020-12-04,0.968999981880188,1.7300000190734863
2020-12-07,0.9279999732971191,1.6859999895095825
2020-12-08,0.9129999876022339,1.659000039100647
2020-12-09,0.9409999847412109,1.6890000104904175
2020-12-10,0.9079999923706055,1.6369999647140503
2020-12-11,0.8930000066757202,1.6260000467300415
2020-12-14,0.8920000195503235,1.628000020980835
2020-12-15,0.9229999780654907,1.6649999618530273
2020-12-16,0.9200000166893005,1.6660000085830688
2020-12-17,0.9300000071525574,1.6759999990463257
2020-12-18,0.9480000138282776,1.7000000476837158
2020-12-21,0.9409999847412109,1.684000015258789
2020-12-22,0.9179999828338623,1.652999997138977
2020-12-23,0.9549999833106995,1.6970000267028809
2020-12-24,0.9279999732971191,1.6640000343322754
2020-12-28,0.9330000281333923,1.6690000295639038
2020-12-29,0.9350000023841858,1.6740000247955322
2020-12-30,0.9259999990463257,1.6619999408721924
2020-12-31,0.9169999957084656,1.6460000276565552
2021-01-04,0.9169999957084656,1.656000018119812
2021-01-05,0.9549999833106995,1.7050000429153442
2021-01-06,1.0420000553131104,1.8209999799728394
2021-01-07,1.0709999799728394,1.8450000286102295
2021-01-08,1.1050000190734863,1.8630000352859497
2021-01-11,1.1319999694824219,1.8760000467300415
2021-01-12,1.1380000114440918,1.8849999904632568
2021-01-13,1.0880000591278076,1.8179999589920044
2021-01-14,1.128999948501587,1.8739999532699585
2021-01-15,1.097000002861023,1.8530000448226929
2021-01-19,1.0920000076293945,1.840000033378601
2021-01-20,1.090000033378601,1.8420000076293945
2021-01-21,1.1089999675750732,1.871999979019165
2021-01-22,1.090999960899353,1.8569999933242798
2021-01-25,1.0399999618530273,1.7979999780654907
2021-01-26,1.0399999618530273,1.8020000457763672
2021-01-27,1.0140000581741333,1.777999997138977
2021-01-28,1.0570000410079956,1.8200000524520874
2021-01-29,1.093000054359436,1.8580000400543213
2021-02-01,1.0770000219345093,1.847000002861023
2021-02-02,1.1050000190734863,1.8769999742507935
2021-02-03,1.13100004196167,1.9119999408721924
2021-02-04,1.1390000581741333,1.9329999685287476
2021-02-05,1.1699999570846558,1.9739999771118164
2021-02-08,1.159999966621399,1.9429999589920044
2021-02-09,1.156999945640564,1.9470000267028809
2021-02-10,1.1330000162124634,1.9240000247955322
2021-02-11,1.1579999923706055,1.9470000267028809
2021-02-12,1.2000000476837158,2.003000020980835
2021-02-16,1.2990000247955322,2.0899999141693115
2021-02-17,1.3009999990463257,2.069000005722046
2021-02-18,1.2869999408721924,2.0759999752044678
2021-02-19,1.3450000286102295,2.140000104904175
2021-02-22,1.3700000047683716,2.180000066757202
2021-02-23,1.3619999885559082,2.200000047683716
2021-02-24,1.3890000581741333,2.242000102996826
2021-02-25,1.5180000066757202,2.308000087738037
2021-02-26,1.4600000381469727,2.181999921798706
2021-03-01,1.4459999799728394,2.2200000286102295
2021-03-02,1.4149999618530273,2.2160000801086426
2021-03-03,1.4700000286102295,2.252000093460083
2021-03-04,1.5499999523162842,2.309000015258789
2021-03-05,1.5540000200271606,2.2880001068115234
2021-03-08,1.5959999561309814,2.308000087738037
2021-03-09,1.5460000038146973,2.259000062942505
2021-03-10,1.5199999809265137,2.243000030517578
2021-03-11,1.5269999504089355,2.2809998989105225
2021-03-12,1.6349999904632568,2.4019999504089355
2021-03-15,1.6069999933242798,2.368000030517578
2021-03-16,1.621000051498413,2.3910000324249268
2021-03-17,1.6410000324249268,2.437000036239624
2021-03-18,1.7300000190734863,2.4760000705718994
2021-03-19,1.7319999933242798,2.4509999752044678
2021-03-22,1.684000015258789,2.382999897003174
2021-03-23,1.6380000114440918,2.3480000495910645
2021-03-24,1.6139999628067017,2.313999891281128
2021-03-25,1.6139999628067017,2.3340001106262207
2021-03-26,1.659999966621399,2.367000102996826
2021-03-29,1.7209999561309814,2.4240000247955322
2021-03-30,1.7259999513626099,2.3959999084472656
2021-03-31,1.746000051498413,2.424999952316284
2021-04-01,1.6790000200271606,2.3399999141693115
2021-04-05,1.7200000286102295,2.36299991607666
2021-04-06,1.656000018119812,2.315999984741211
2021-04-07,1.652999997138977,2.3350000381469727
2021-04-08,1.6319999694824219,2.322000026702881
2021-04-09,1.6660000085830688,2.3389999866485596
2021-04-12,1.6749999523162842,2.3469998836517334
2021-04-13,1.6230000257492065,2.306999921798706
2021-04-14,1.6380000114440918,2.325000047683716
2021-04-15,1.5299999713897705,2.2100000381469727
2021-04-16,1.5729999542236328,2.260999917984009
2021-04-19,1.6009999513626099,2.2939999103546143
2021-04-20,1.562000036239624,2.259000062942505
2021-04-21,1.5640000104904175,2.2639999389648438
2021-04-22,1.5540000200271606,2.239000082015991
2021-04-23,1.5670000314712524,2.250999927520752
2021-04-26,1.5700000524520874,2.24399995803833
2021-04-27,1.621999979019165,2.2939999103546143
2021-04-28,1.6200000047683716,2.299999952316284
2021-04-29,1.6399999856948853,2.311000108718872
2021-04-30,1.63100004196167,2.3010001182556152
2021-05-03,1.6069999933242798,2.2880001068115234
2021-05-04,1.5920000076293945,2.2660000324249268
2021-05-05,1.5839999914169312,2.259000062942505
2021-05-06,1.5609999895095825,2.2360000610351562
2021-05-07,1.5770000219345093,2.2769999504089355
2021-05-10,1.6019999980926514,2.319000005722046
2021-05-11,1.6239999532699585,2.3510000705718994
2021-05-12,1.6950000524520874,2.4149999618530273
2021-05-13,1.6679999828338623,2.3959999084472656
2021-05-14,1.6349999904632568,2.3550000190734863
2021-05-17,1.6399999856948853,2.3550000190734863
2021-05-18,1.6419999599456787,2.364000082015991
2021-05-19,1.6829999685287476,2.38700008392334
2021-05-20,1.6339999437332153,2.3420000076293945
2021-05-21,1.6319999694824219,2.3329999446868896
2021-05-24,1.6080000400543213,2.302000045776367
2021-05-25,1.5640000104904175,2.259999990463257
2021-05-26,1.5740000009536743,2.259999990463257
2021-05-27,1.6100000143051147,2.2899999618530273
2021-05-28,1.5809999704360962,2.263000011444092
2021-06-01,1.6150000095367432,2.2960000038146973
2021-06-02,1.590999960899353,2.2799999713897705
2021-06-03,1.625,2.2950000762939453
2021-06-04,1.559999942779541,2.239000082015991
2021-06-07,1.569000005722046,2.250999927520752
2021-06-08,1.527999997138977,2.2090001106262207
2021-06-09,1.4889999628067017,2.1689999103546143
2021-06-10,1.4589999914169312,2.1530001163482666
2021-06-11,1.4620000123977661,2.1519999504089355
2021-06-14,1.5010000467300415,2.190000057220459
2021-06-15,1.4989999532699585,2.1989998817443848
2021-06-16,1.569000005722046,2.2090001106262207
2021-06-17,1.5110000371932983,2.0999999046325684
2021-06-18,1.4500000476837158,2.0269999504089355
2021-06-21,1.4839999675750732,2.1040000915527344
2021-06-22,1.472000002861023,2.1050000190734863
2021-06-23,1.4869999885559082,2.111999988555908
2021-06-24,1.4869999885559082,2.0950000286102295
2021-06-25,1.5360000133514404,2.1689999103546143
2021-06-28,1.4780000448226929,2.0980000495910645
2021-06-29,1.4800000190734863,2.0959999561309814
2021-06-30,1.4429999589920044,2.065000057220459
2021-07-01,1.4800000190734863,2.0859999656677246
2021-07-02,1.430999994277954,2.0450000762939453
2021-07-06,1.3700000047683716,2.003999948501587
2021-07-07,1.3209999799728394,1.944000005722046
2021-07-08,1.2879999876022339,1.909999966621399
2021-07-09,1.3559999465942383,1.9819999933242798
2021-07-12,1.3630000352859497,1.9930000305175781
2021-07-13,1.4149999618530273,2.0380001068115234
2021-07-14,1.3559999465942383,1.9889999628067017
2021-07-15,1.2970000505447388,1.9199999570846558
2021-07-16,1.2999999523162842,1.930999994277954
2021-07-19,1.180999994277954,1.815000057220459
2021-07-20,1.2089999914169312,1.86899995803833
2021-07-21,1.2799999713897705,1.9299999475479126
2021-07-22,1.2649999856948853,1.9019999504089355
2021-07-23,1.2860000133514404,1.9249999523162842
2021-07-26,1.2760000228881836,1.9259999990463257
2021-07-27,1.2339999675750732,1.8890000581741333
2021-07-28,1.2610000371932983,1.9110000133514404
2021-07-29,1.2690000534057617,1.9160000085830688
2021-07-30,1.2389999628067017,1.8969999551773071
2021-08-02,1.1740000247955322,1.8530000448226929
2021-08-03,1.1759999990463257,1.8519999980926514
2021-08-04,1.184000015258789,1.840000033378601
2021-08-05,1.2170000076293945,1.8630000352859497
2021-08-06,1.2899999618530273,1.934000015258789
2021-08-09,1.3170000314712524,1.9630000591278076
2021-08-10,1.3420000076293945,1.9839999675750732
2021-08-11,1.3289999961853027,1.996999979019165
2021-08-12,1.3669999837875366,2.013000011444092
2021-08-13,1.2970000505447388,1.9479999542236328
2021-08-16,1.2569999694824219,1.9240000247955322
2021-08-17,1.2580000162124634,1.9190000295639038
2021-08-18,1.2730000019073486,1.9140000343322754
2021-08-19,1.2419999837875366,1.8760000467300415
2021-08-20,1.2599999904632568,1.8739999532699585
2021-08-23,1.2549999952316284,1.871999979019165
2021-08-24,1.2899999618530273,1.906999945640564
2021-08-25,1.3420000076293945,1.9589999914169312
2021-08-26,1.3420000076293945,1.940999984741211
2021-08-27,1.312000036239624,1.9179999828338623
2021-08-30,1.284999966621399,1.899999976158142
2021-08-31,1.3040000200271606,1.9270000457763672
2021-09-01,1.3020000457763672,1.9190000295639038
2021-09-02,1.2940000295639038,1.906999945640564
2021-09-03,1.3220000267028809,1.9429999589920044
2021-09-07,1.3700000047683716,1.9839999675750732
2021-09-08,1.3339999914169312,1.9529999494552612
2021-09-09,1.2990000247955322,1.8969999551773071
2021-09-10,1.340999960899353,1.934000015258789
2021-09-13,1.3240000009536743,1.9049999713897705
2021-09-14,1.2769999504089355,1.850000023841858
2021-09-15,1.3040000200271606,1.86899995803833
2021-09-16,1.3309999704360962,1.88100004196167
2021-09-17,1.3700000047683716,1.909000039100647
2021-09-20,1.309000015258789,1.8459999561309814
2021-09-21,1.3240000009536743,1.8569999933242798
2021-09-22,1.3359999656677246,1.8509999513626099
2021-09-23,1.409999966621399,1.9240000247955322
2021-09-24,1.4600000381469727,1.9880000352859497
2021-09-27,1.4839999675750732,1.9950000047683716
2021-09-28,1.534000039100647,2.069999933242798
2021-09-29,1.5410000085830688,2.0899999141693115
2021-09-30,1.5290000438690186,2.0920000076293945
2021-10-01,1.4789999723434448,2.058000087738037
2021-10-04,1.4809999465942383,2.046999931335449
2021-10-05,1.5290000438690186,2.0980000495910645
2021-10-06,1.5240000486373901,2.0759999752044678
2021-10-07,1.5709999799728394,2.131999969482422
2021-10-08,1.6050000190734863,2.1619999408721924
2021-10-11,1.6139999628067017,2.1659998893737793
2021-10-12,1.5800000429153442,2.1059999465942383
2021-10-13,1.5490000247955322,2.0409998893737793
2021-10-14,1.5190000534057617,2.0250000953674316
2021-10-15,1.5759999752044678,2.0510001182556152
2021-10-18,1.5839999914169312,2.0169999599456787
2021-10-19,1.6349999904632568,2.0880000591278076
2021-10-20,1.6360000371932983,2.1110000610351562
2021-10-21,1.6759999990463257,2.128000020980835
2021-10-22,1.6549999713897705,2.0910000801086426
2021-10-25,1.6349999904632568,2.0850000381469727
2021-10-26,1.61899995803833,2.0510001182556152
2021-10-27,1.5290000438690186,1.9420000314712524
2021-10-28,1.5679999589920044,1.9630000591278076
2021-10-29,1.5570000410079956,1.9420000314712524
2021-11-01,1.5750000476837158,1.968999981880188
2021-11-02,1.5490000247955322,1.9600000381469727
2021-11-03,1.5789999961853027,1.9859999418258667
2021-11-04,1.5240000486373901,1.9639999866485596
2021-11-05,1.4529999494552612,1.8860000371932983
2021-11-08,1.496999979019165,1.8869999647140503
2021-11-09,1.4320000410079956,1.8220000267028809
2021-11-10,1.559999942779541,1.9179999828338623
2021-11-11,1.559999942779541,1.9160000085830688
2021-11-12,1.5820000171661377,1.9550000429153442
2021-11-15,1.6230000257492065,2.006999969482422
2021-11-16,1.6339999437332153,2.0179998874664307
2021-11-17,1.6039999723434448,1.996000051498413
2021-11-18,1.5889999866485596,1.972000002861023
2021-11-19,1.5360000133514404,1.906999945640564
2021-11-22,1.625,1.9780000448226929
2021-11-23,1.6670000553131104,2.0230000019073486
2021-11-24,1.6449999809265137,1.968999981880188
2021-11-26,1.4819999933242798,1.8270000219345093
2021-11-29,1.5299999713897705,1.8799999952316284
2021-11-30,1.4429999589920044,1.7869999408721924
2021-12-01,1.434000015258789,1.777999997138977
2021-12-02,1.4479999542236328,1.7690000534057617
2021-12-03,1.343000054359436,1.6779999732971191
2021-12-06,1.434000015258789,1.7569999694824219
2021-12-07,1.4800000190734863,1.7960000038146973
2021-12-08,1.5089999437332153,1.875
2021-12-09,1.4869999885559082,1.8660000562667847
2021-12-10,1.4889999628067017,1.8839999437332153
2021-12-13,1.4240000247955322,1.812000036239624
2021-12-14,1.437999963760376,1.8179999589920044
2021-12-15,1.4630000591278076,1.8550000190734863
2021-12-16,1.4220000505447388,1.8609999418258667
2021-12-17,1.4019999504089355,1.8179999589920044
2021-12-20,1.4190000295639038,1.8489999771118164
2021-12-21,1.4869999885559082,1.8969999551773071
2021-12-22,1.4570000171661377,1.8569999933242798
2021-12-23,1.4930000305175781,1.9049999713897705
2021-12-27,1.4809999465942383,1.8860000371932983
2021-12-28,1.4809999465942383,1.902999997138977
2021-12-29,1.5429999828338623,1.9529999494552612
2021-12-30,1.5149999856948853,1.9249999523162842
2021-12-31,1.5119999647140503,1.9049999713897705
2022-01-03,1.628000020980835,2.0160000324249268
2022-01-04,1.6679999828338623,2.0769999027252197
2022-01-05,1.7050000429153442,2.0880000591278076
2022-01-06,1.7330000400543213,2.0929999351501465
2022-01-07,1.7710000276565552,2.118000030517578
2022-01-10,1.7799999713897705,2.109999895095825
2022-01-11,1.746000051498413,2.072999954223633
2022-01-12,1.725000023841858,2.0739998817443848
2022-01-13,1.7109999656677246,2.055000066757202
2022-01-14,1.7719999551773071,2.114000082015991
2022-01-18,1.8650000095367432,2.184000015258789
2022-01-19,1.8270000219345093,2.138000011444092
2022-01-20,1.8329999446868896,2.140000104904175
2022-01-21,1.746999979019165,2.063999891281128
2022-01-24,1.7350000143051147,2.0829999446868896
2022-01-25,1.7829999923706055,2.128999948501587
2022-01-26,1.8480000495910645,2.1670000553131104
2022-01-27,1.8070000410079956,2.0910000801086426
2022-01-28,1.781999945640564,2.0829999446868896
2022-01-31,1.781999945640564,2.0980000495910645
2022-02-01,1.7999999523162842,2.124000072479248
2022-02-02,1.7660000324249268,2.0940001010894775
2022-02-03,1.8270000219345093,2.1449999809265137
2022-02-04,1.9299999475479126,2.2330000400543213
2022-02-07,1.9160000085830688,2.2179999351501465
2022-02-08,1.9539999961853027,2.250999927520752
2022-02-09,1.9290000200271606,2.2320001125335693
2022-02-10,2.0309998989105225,2.309000015258789
2022-02-11,1.9550000429153442,2.256999969482422
2022-02-14,1.996000051498413,2.3010001182556152
2022-02-15,2.0450000762939453,2.361999988555908
2022-02-16,2.046999931335449,2.365000009536743
2022-02-17,1.972000002861023,2.312000036239624
2022-02-18,1.9320000410079956,2.250999927520752
2022-02-22,1.9479999542236328,2.253000020980835
2022-02-23,1.9769999980926514,2.2750000953674316
2022-02-24,1.968999981880188,2.2929999828338623
2022-02-25,1.9859999418258667,2.2960000038146973
2022-02-28,1.8389999866485596,2.181999921798706
2022-03-01,1.7070000171661377,2.1040000915527344
2022-03-02,1.8650000095367432,2.2330000400543213
2022-03-03,1.843999981880188,2.2269999980926514
2022-03-04,1.7239999771118164,2.1510000228881836
2022-03-07,1.7510000467300415,2.1519999504089355
2022-03-08,1.871999979019165,2.24399995803833
2022-03-09,1.9479999542236328,2.302000045776367
2022-03-10,2.010999917984009,2.3940000534057617
2022-03-11,2.003999948501587,2.364000082015991
2022-03-14,2.140000104904175,2.4760000705718994
2022-03-15,2.1600000858306885,2.505000114440918
2022-03-16,2.187999963760376,2.4590001106262207
2022-03-17,2.191999912261963,2.484999895095825
2022-03-18,2.1480000019073486,2.4179999828338623
2022-03-21,2.315000057220459,2.5339999198913574
2022-03-22,2.372999906539917,2.5929999351501465
2022-03-23,2.321000099182129,2.5190000534057617
2022-03-24,2.3410000801086426,2.510999917984009
2022-03-25,2.492000102996826,2.6029999256134033
2022-03-28,2.4769999980926514,2.572999954223633
2022-03-29,2.4000000953674316,2.5239999294281006
2022-03-30,2.3580000400543213,2.4800000190734863
2022-03-31,2.3269999027252197,2.447999954223633
2022-04-01,2.377000093460083,2.4240000247955322
2022-04-04,2.4119999408721924,2.4739999771118164
2022-04-05,2.555999994277954,2.5840001106262207
2022-04-06,2.6089999675750732,2.631999969482422
2022-04-07,2.6519999504089355,2.687000036239624
2022-04-08,2.7130000591278076,2.746000051498413
2022-04-11,2.7799999713897705,2.819999933242798
2022-04-12,2.7249999046325684,2.8259999752044678
2022-04-13,2.687000036239624,2.7939999103546143
2022-04-14,2.828000068664551,2.9189999103546143
2022-04-18,2.861999988555908,2.953000068664551
2022-04-19,2.9130001068115234,2.990000009536743
2022-04-20,2.8399999141693115,2.878999948501587
2022-04-21,2.9170000553131104,2.933000087738037
2022-04-22,2.9059998989105225,2.944000005722046
2022-04-25,2.8259999752044678,2.8940000534057617
2022-04-26,2.7720000743865967,2.86899995803833
2022-04-27,2.818000078201294,2.9079999923706055
2022-04-28,2.86299991607666,2.928999900817871
2022-04-29,2.88700008392334,2.947000026702881
2022-05-02,2.996000051498413,3.061000108718872
2022-05-03,2.9600000381469727,3.00600004196167
2022-05-04,2.9170000553131104,3.003000020980835
2022-05-05,3.065999984741211,3.1600000858306885
2022-05-06,3.122999906539917,3.2209999561309814
2022-05-09,3.0789999961853027,3.2079999446868896
2022-05-10,2.993000030517578,3.130000114440918
2022-05-11,2.9210000038146973,3.0439999103546143
2022-05-12,2.816999912261963,2.984999895095825
2022-05-13,2.934999942779541,3.0929999351501465
2022-05-16,2.877000093460083,3.0840001106262207
2022-05-17,2.9679999351501465,3.1619999408721924
2022-05-18,2.885999917984009,3.072000026702881
2022-05-19,2.8550000190734863,3.065999984741211
2022-05-20,2.7869999408721924,2.996000051498413
2022-05-23,2.8589999675750732,3.065000057220459
2022-05-24,2.759999990463257,2.9730000495910645
2022-05-25,2.749000072479248,2.9649999141693115
2022-05-26,2.75600004196167,2.990999937057495
2022-05-27,2.743000030517578,2.9719998836517334
2022-05-31,2.8440001010894775,3.056999921798706
2022-06-01,2.930999994277954,3.0759999752044678
2022-06-02,2.9130001068115234,3.0759999752044678
2022-06-03,2.9570000171661377,3.114000082015991
2022-06-06,3.0380001068115234,3.190999984741211
2022-06-07,2.9719998836517334,3.122999906539917
2022-06-08,3.0290000438690186,3.177000045776367
2022-06-09,3.0439999103546143,3.1710000038146973
2022-06-10,3.1559998989105225,3.196000099182129
2022-06-13,3.365999937057495,3.367000102996826
2022-06-14,3.4830000400543213,3.431999921798706
2022-06-15,3.3949999809265137,3.4130001068115234
2022-06-16,3.306999921798706,3.361999988555908
2022-06-17,3.239000082015991,3.2939999103546143
2022-06-21,3.306999921798706,3.390000104904175
2022-06-22,3.1559998989105225,3.243000030517578
2022-06-23,3.068000078201294,3.178999900817871
2022-06-24,3.125,3.256999969482422
2022-06-27,3.194000005722046,3.305000066757202
2022-06-28,3.2060000896453857,3.309999942779541
2022-06-29,3.0929999351501465,3.2119998931884766
2022-06-30,2.9719998836517334,3.11899995803833
2022-07-01,2.8889999389648438,3.115999937057495
2022-07-05,2.809000015258789,3.0320000648498535
2022-07-06,2.9130001068115234,3.11899995803833
2022-07-07,3.007999897003174,3.194000005722046
2022-07-08,3.1010000705718994,3.2690000534057617
2022-07-11,2.990999937057495,3.180000066757202
2022-07-12,2.9579999446868896,3.13700008392334
2022-07-13,2.9040000438690186,3.069000005722046
2022-07-14,2.9600000381469727,3.1040000915527344
2022-07-15,2.930000066757202,3.0940001010894775
2022-07-18,2.9600000381469727,3.134999990463257
2022-07-19,3.0190000534057617,3.178999900817871
2022-07-20,3.0360000133514404,3.1700000762939453
2022-07-21,2.9100000858306885,3.072999954223633
2022-07-22,2.7829999923706055,2.997999906539917
2022-07-25,2.819999933242798,3.0490000247955322
2022-07-26,2.7869999408721924,3.009000062942505
2022-07-27,2.7339999675750732,3.002000093460083
2022-07-28,2.680999994277954,3.0390000343322754
2022-07-29,2.6419999599456787,2.9739999771118164
2022-08-01,2.6059999465942383,2.924999952316284
2022-08-02,2.740999937057495,2.984999895095825
2022-08-03,2.747999906539917,2.9769999980926514
2022-08-04,2.6760001182556152,2.9609999656677246
2022-08-05,2.8399999141693115,3.065000057220459
2022-08-08,2.765000104904175,2.997999906539917
2022-08-09,2.796999931335449,3.005000114440918
2022-08-10,2.7860000133514404,3.0420000553131104
2022-08-11,2.888000011444092,3.1730000972747803
2022-08-12,2.8489999771118164,3.118000030517578
2022-08-15,2.7909998893737793,3.0959999561309814
2022-08-16,2.8239998817443848,3.11299991607666
2022-08-17,2.8929998874664307,3.1459999084472656
2022-08-18,2.880000114440918,3.1389999389648438
2022-08-19,2.989000082015991,3.2249999046325684
2022-08-22,3.0369999408721924,3.242000102996826
2022-08-23,3.053999900817871,3.25600004196167
2022-08-24,3.1059999465942383,3.321000099182129
2022-08-25,3.0260000228881836,3.2339999675750732
2022-08-26,3.0350000858306885,3.2049999237060547
2022-08-29,3.109999895095825,3.246999979019165
2022-08-30,3.109999895095825,3.2200000286102295
2022-08-31,3.132999897003174,3.255000114440918
2022-09-01,3.265000104904175,3.374000072479248
2022-09-02,3.193000078201294,3.3440001010894775
2022-09-06,3.3399999141693115,3.4820001125335693
2022-09-07,3.265000104904175,3.4059998989105225
2022-09-08,3.2920000553131104,3.441999912261963
2022-09-09,3.321000099182129,3.4560000896453857
2022-09-12,3.361999988555908,3.513000011444092
2022-09-13,3.421999931335449,3.506999969482422
2022-09-14,3.4119999408721924,3.4690001010894775
2022-09-15,3.4590001106262207,3.4800000190734863
2022-09-16,3.447999954223633,3.5190000534057617
2022-09-19,3.490000009536743,3.505000114440918
2022-09-20,3.571000099182129,3.5810000896453857
2022-09-21,3.509999990463257,3.5179998874664307
2022-09-22,3.7079999446868896,3.6389999389648438
2022-09-23,3.697000026702881,3.611999988555908
2022-09-26,3.878000020980835,3.697999954223633
2022-09-27,3.9639999866485596,3.8289999961853027
2022-09-28,3.7049999237060547,3.680999994277954
2022-09-29,3.746999979019165,3.693000078201294
2022-09-30,3.803999900817871,3.765000104904175
2022-10-03,3.6510000228881836,3.7060000896453857
2022-10-04,3.617000102996826,3.687000036239624
2022-10-05,3.759000062942505,3.765000104904175
2022-10-06,3.8259999752044678,3.7939999103546143
2022-10-07,3.882999897003174,3.8410000801086426
2022-10-10,3.888000011444092,3.8480000495910645
2022-10-11,3.938999891281128,3.9019999504089355
2022-10-12,3.9019999504089355,3.884000062942505
2022-10-13,3.9519999027252197,3.931999921798706
2022-10-14,4.010000228881836,3.9779999256134033
2022-10-17,4.014999866485596,4.014999866485596
2022-10-18,3.997999906539917,4.020999908447266
2022-10-19,4.126999855041504,4.125999927520752
2022-10-20,4.22599983215332,4.216000080108643
2022-10-21,4.2129998207092285,4.304999828338623
2022-10-24,4.234000205993652,4.36299991607666
2022-10-25,4.107999801635742,4.263000011444092
2022-10-26,4.014999866485596,4.163000106811523
2022-10-27,3.937000036239624,4.0920000076293945
2022-10-28,4.010000228881836,4.129000186920166
2022-10-31,4.077000141143799,4.203999996185303
2022-11-01,4.052000045776367,4.124000072479248
2022-11-02,4.059000015258789,4.122000217437744
2022-11-03,4.124000072479248,4.1519999504089355
2022-11-04,4.156000137329102,4.245999813079834
2022-11-07,4.214000225067139,4.313000202178955
2022-11-08,4.125999927520752,4.257999897003174
2022-11-09,4.151000022888184,4.320000171661377
2022-11-10,3.8289999961853027,4.080999851226807
2022-11-11,3.812999963760376,4.058000087738037
2022-11-14,3.865000009536743,4.058000087738037
2022-11-15,3.7990000247955322,3.9820001125335693
2022-11-16,3.691999912261963,3.859999895095825
2022-11-17,3.7750000953674316,3.890000104904175
2022-11-18,3.818000078201294,3.927000045776367
2022-11-21,3.825000047683716,3.9049999713897705
2022-11-22,3.757999897003174,3.8299999237060547
2022-11-23,3.7060000896453857,3.739000082015991
2022-11-25,3.690999984741211,3.750999927520752
2022-11-28,3.703000068664551,3.75
2022-11-29,3.747999906539917,3.802999973297119
2022-11-30,3.703000068664551,3.822000026702881
2022-12-01,3.5290000438690186,3.635999917984009
2022-12-02,3.50600004196167,3.562000036239624
2022-12-05,3.5989999771118164,3.615999937057495
2022-12-06,3.513000011444092,3.5230000019073486
2022-12-07,3.4079999923706055,3.4149999618530273
2022-12-08,3.490999937057495,3.4549999237060547
2022-12-09,3.566999912261963,3.5490000247955322
2022-12-12,3.6110000610351562,3.5759999752044678
2022-12-13,3.500999927520752,3.5280001163482666
2022-12-14,3.503000020980835,3.5390000343322754
2022-12-15,3.450000047683716,3.496000051498413
2022-12-16,3.4820001125335693,3.5329999923706055
2022-12-19,3.5810000896453857,3.622999906539917
2022-12-20,3.684000015258789,3.736999988555908
2022-12-21,3.684000015258789,3.743000030517578
2022-12-22,3.6689999103546143,3.7230000495910645
2022-12-23,3.750999927520752,3.8269999027252197
2022-12-27,3.859999895095825,3.944000005722046
2022-12-28,3.88700008392334,3.9739999771118164
2022-12-29,3.8350000381469727,3.9240000247955322
2022-12-30,3.878999948501587,3.9749999046325684
2023-01-03,3.7929999828338623,3.8929998874664307
2023-01-04,3.7090001106262207,3.819999933242798
2023-01-05,3.7200000286102295,3.7980000972747803
2023-01-06,3.569000005722046,3.691999912261963
2023-01-09,3.5169999599456787,3.6500000953674316
2023-01-10,3.621000051498413,3.756999969482422
2023-01-11,3.553999900817871,3.678999900817871
2023-01-12,3.4489998817443848,3.575000047683716
2023-01-13,3.510999917984009,3.622999906539917
2023-01-17,3.5350000858306885,3.6470000743865967
2023-01-18,3.375,3.5420000553131104
2023-01-19,3.3970000743865967,3.568000078201294
2023-01-20,3.4839999675750732,3.6559998989105225
2023-01-23,3.5250000953674316,3.690999984741211
2023-01-24,3.4690001010894775,3.622999906539917
2023-01-25,3.4619998931884766,3.622999906539917
2023-01-26,3.493000030517578,3.628000020980835
2023-01-27,3.5179998874664307,3.632999897003174
2023-01-30,3.5510001182556152,3.6600000858306885
2023-01-31,3.5290000438690186,3.6610000133514404
2023-02-01,3.3970000743865967,3.546999931335449
2023-02-02,3.3959999084472656,3.555000066757202
2023-02-03,3.5320000648498535,3.628000020980835
2023-02-06,3.634000062942505,3.671999931335449
2023-02-07,3.6740000247955322,3.7049999237060547
2023-02-08,3.6530001163482666,3.7100000381469727
2023-02-09,3.683000087738037,3.74399995803833
2023-02-10,3.74399995803833,3.8269999027252197
2023-02-13,3.7170000076293945,3.7909998893737793
2023-02-14,3.760999917984009,3.802000045776367
2023-02-15,3.809000015258789,3.8540000915527344
2023-02-16,3.8429999351501465,3.9040000438690186
2023-02-17,3.828000068664551,3.888000011444092
2023-02-21,3.9549999237060547,3.9769999980926514
2023-02-22,3.9230000972747803,3.927999973297119
2023-02-23,3.878999948501587,3.877000093460083
2023-02-24,3.9489998817443848,3.937999963760376
2023-02-27,3.921999931335449,3.9179999828338623
2023-02-28,3.9159998893737793,3.930999994277954
2023-03-01,3.99399995803833,3.953000068664551
2023-03-02,4.072999954223633,4.020999908447266
2023-03-03,3.9639999866485596,3.88700008392334
2023-03-06,3.9830000400543213,3.9130001068115234
2023-03-07,3.9749999046325684,3.888000011444092
2023-03-08,3.9760000705718994,3.878000020980835
2023-03-09,3.924999952316284,3.871000051498413
2023-03-10,3.694999933242798,3.700000047683716
2023-03-13,3.515000104904175,3.6659998893737793
2023-03-14,3.638000011444092,3.760999917984009
2023-03-15,3.492000102996826,3.687000036239624
2023-03-16,3.5850000381469727,3.7139999866485596
2023-03-17,3.3949999809265137,3.5980000495910645
2023-03-20,3.4809999465942383,3.6630001068115234
2023-03-21,3.6059999465942383,3.736999988555908
2023-03-22,3.5,3.697999954223633
2023-03-23,3.4059998989105225,3.681999921798706
2023-03-24,3.380000114440918,3.6440000534057617
2023-03-27,3.5280001163482666,3.759999990463257
2023-03-28,3.563999891281128,3.7829999923706055
2023-03-29,3.565999984741211,3.7780001163482666
2023-03-30,3.5510001182556152,3.746000051498413
2023-03-31,3.49399995803833,3.688999891281128
2023-04-03,3.430000066757202,3.6440000534057617
2023-04-04,3.3369998931884766,3.5940001010894775
2023-04-05,3.2869999408721924,3.558000087738037
2023-04-06,3.2880001068115234,3.5399999618530273
2023-04-10,3.4149999618530273,3.625999927520752
2023-04-11,3.434000015258789,3.621000051498413
2023-04-12,3.4210000038146973,3.6530001163482666
2023-04-13,3.4519999027252197,3.687000036239624
2023-04-14,3.5220000743865967,3.739000082015991
2023-04-17,3.5910000801086426,3.805000066757202
2023-04-18,3.572000026702881,3.7869999408721924
2023-04-19,3.6019999980926514,3.7890000343322754
2023-04-20,3.5450000762939453,3.753000020980835
2023-04-21,3.569999933242798,3.7780001163482666
2023-04-24,3.515000104904175,3.7279999256134033
2023-04-25,3.3959999084472656,3.6510000228881836
2023-04-26,3.431999921798706,3.688999891281128
2023-04-27,3.5280001163482666,3.75600004196167
2023-04-28,3.4519999027252197,3.677999973297119
2023-05-01,3.5739998817443848,3.818000078201294
2023-05-02,3.438999891281128,3.7330000400543213
2023-05-03,3.4030001163482666,3.7149999141693115
2023-05-04,3.3510000705718994,3.7230000495910645
2023-05-05,3.446000099182129,3.76200008392334
2023-05-08,3.5209999084472656,3.8350000381469727
2023-05-09,3.5209999084472656,3.8480000495910645
2023-05-10,3.438999891281128,3.7990000247955322
2023-05-11,3.3970000743865967,3.747999906539917
2023-05-12,3.4630000591278076,3.7769999504089355
2023-05-15,3.507999897003174,3.8420000076293945
2023-05-16,3.5490000247955322,3.871000051498413
2023-05-17,3.5810000896453857,3.878000020980835
2023-05-18,3.6480000019073486,3.9010000228881836
2023-05-19,3.691999912261963,3.947999954223633
2023-05-22,3.7190001010894775,3.9700000286102295
2023-05-23,3.697999954223633,3.9509999752044678
2023-05-24,3.7190001010894775,3.9649999141693115
2023-05-25,3.813999891281128,4.002999782562256
2023-05-26,3.809999942779541,3.9690001010894775
2023-05-30,3.700000047683716,3.9030001163482666
2023-05-31,3.63700008392334,3.8559999465942383
2023-06-01,3.6080000400543213,3.8329999446868896
2023-06-02,3.690999984741211,3.881999969482422
2023-06-05,3.693000078201294,3.890000104904175
2023-06-06,3.6989998817443848,3.874000072479248
2023-06-07,3.7839999198913574,3.941999912261963
2023-06-08,3.7139999866485596,3.881999969482422
2023-06-09,3.744999885559082,3.88700008392334
2023-06-12,3.765000104904175,3.9070000648498535
2023-06-13,3.8389999866485596,3.940999984741211
2023-06-14,3.7960000038146973,3.88100004196167
2023-06-15,3.7279999256134033,3.8480000495910645
2023-06-16,3.7690000534057617,3.8550000190734863
2023-06-20,3.7290000915527344,3.818000078201294
2023-06-21,3.7230000495910645,3.808000087738037
2023-06-22,3.7990000247955322,3.871999979019165
2023-06-23,3.739000082015991,3.821000099182129
2023-06-26,3.7190001010894775,3.819000005722046
2023-06-27,3.7679998874664307,3.8399999141693115
2023-06-28,3.7100000381469727,3.802999973297119
2023-06-29,3.8540000915527344,3.9130001068115234
2023-06-30,3.819000005722046,3.8550000190734863
2023-07-03,3.8580000400543213,3.869999885559082
2023-07-05,3.944999933242798,3.944000005722046
2023-07-06,4.040999889373779,4.002999782562256
2023-07-07,4.050000190734863,4.033999919891357
2023-07-10,4.00600004196167,4.043000221252441
2023-07-11,3.9800000190734863,4.019000053405762
2023-07-12,3.8610000610351562,3.9509999752044678
2023-07-13,3.760999917984009,3.8949999809265137
2023-07-14,3.819000005722046,3.9230000972747803
2023-07-17,3.796999931335449,3.9230000972747803
2023-07-18,3.7890000343322754,3.9010000228881836
2023-07-19,3.742000102996826,3.8389999866485596
2023-07-20,3.8540000915527344,3.9100000858306885
2023-07-21,3.8369998931884766,3.9070000648498535
2023-07-24,3.8570001125335693,3.9200000762939453
2023-07-25,3.9119999408721924,3.9549999237060547
2023-07-26,3.8510000705718994,3.927999973297119
2023-07-27,4.01200008392334,4.058000087738037
2023-07-28,3.9690001010894775,4.03000020980835
2023-07-31,3.9590001106262207,4.019000053405762
2023-08-01,4.051000118255615,4.105000019073486
2023-08-02,4.078000068664551,4.164999961853027
2023-08-03,4.189000129699707,4.303999900817871
2023-08-04,4.059999942779541,4.214000225067139
2023-08-07,4.078000068664551,4.257999897003174
2023-08-08,4.026000022888184,4.203999996185303
2023-08-09,4.01200008392334,4.178999900817871
2023-08-10,4.079999923706055,4.241000175476074
2023-08-11,4.168000221252441,4.271999835968018
2023-08-14,4.184000015258789,4.281000137329102
2023-08-15,4.2210001945495605,4.318999767303467
2023-08-16,4.257999897003174,4.361000061035156
2023-08-17,4.308000087738037,4.4120001792907715
2023-08-18,4.250999927520752,4.379000186920166
2023-08-21,4.3420000076293945,4.455999851226807
2023-08-22,4.328000068664551,4.409999847412109
2023-08-23,4.197999954223633,4.283999919891357
2023-08-24,4.235000133514404,4.301000118255615
2023-08-25,4.238999843597412,4.294000148773193
2023-08-28,4.211999893188477,4.290999889373779
2023-08-29,4.122000217437744,4.236999988555908
2023-08-30,4.118000030517578,4.228000164031982
2023-08-31,4.0929999351501465,4.203999996185303
2023-09-01,4.172999858856201,4.284999847412109
2023-09-05,4.26800012588501,4.375999927520752
2023-09-06,4.289999961853027,4.359000205993652
2023-09-07,4.260000228881836,4.3520002365112305
2023-09-08,4.257999897003174,4.331999778747559
2023-09-11,4.288000106811523,4.376999855041504
2023-09-12,4.263999938964844,4.3460001945495605
2023-09-13,4.249000072479248,4.336999893188477
2023-09-14,4.288000106811523,4.385000228881836
2023-09-15,4.322000026702881,4.410999774932861
2023-09-18,4.318999767303467,4.395999908447266
2023-09-19,4.364999771118164,4.427999973297119
2023-09-20,4.348999977111816,4.401000022888184
2023-09-21,4.480000019073486,4.552000045776367
2023-09-22,4.438000202178955,4.520999908447266
2023-09-25,4.541999816894531,4.6579999923706055
2023-09-26,4.558000087738037,4.696000099182129
2023-09-27,4.625999927520752,4.73199987411499
2023-09-28,4.5970001220703125,4.729000091552734
2023-09-29,4.572999954223633,4.710999965667725
2023-10-02,4.683000087738037,4.795000076293945
2023-10-03,4.802000045776367,4.936999797821045
2023-10-04,4.735000133514404,4.876999855041504
2023-10-05,4.7170000076293945,4.886000156402588
2023-10-06,4.783999919891357,4.940999984741211
2023-10-09,4.796999931335449,4.965000152587891
2023-10-10,4.65500020980835,4.830999851226807
2023-10-11,4.59499979019165,4.73799991607666
2023-10-12,4.711999893188477,4.870999813079834
2023-10-13,4.629000186920166,4.78000020980835
2023-10-16,4.711999893188477,4.866000175476074
2023-10-17,4.8470001220703125,4.949999809265137
2023-10-18,4.9039998054504395,4.994999885559082
2023-10-19,4.98799991607666,5.103000164031982
2023-10-20,4.923999786376953,5.089000225067139
2023-10-23,4.8379998207092285,4.988999843597412
2023-10-24,4.840000152587891,4.9629998207092285
2023-10-25,4.953000068664551,5.0920000076293945
2023-10-26,4.84499979019165,4.98799991607666
2023-10-27,4.84499979019165,5.0229997634887695
2023-10-30,4.875,5.034999847412109
2023-10-31,4.875,5.021999835968018
2023-11-01,4.789000034332275,4.974999904632568
2023-11-02,4.669000148773193,4.821000099182129
2023-11-03,4.558000087738037,4.751999855041504
2023-11-06,4.6620001792907715,4.831999778747559
2023-11-07,4.571000099182129,4.735000133514404
2023-11-08,4.5229997634887695,4.656000137329102
2023-11-09,4.630000114440918,4.7769999504089355
2023-11-10,4.627999782562256,4.732999801635742
2023-11-13,4.631999969482422,4.74399995803833
2023-11-14,4.440999984741211,4.620999813079834
2023-11-15,4.534999847412109,4.691999912261963
2023-11-16,4.445000171661377,4.622000217437744
2023-11-17,4.440999984741211,4.5970001220703125
2023-11-20,4.421999931335449,4.574999809265137
2023-11-21,4.418000221252441,4.579999923706055
2023-11-22,4.415999889373779,4.546999931335449
2023-11-24,4.4720001220703125,4.603000164031982
2023-11-27,4.388999938964844,4.5329999923706055
2023-11-28,4.335999965667725,4.52400016784668
2023-11-29,4.270999908447266,4.451000213623047
2023-11-30,4.3520002365112305,4.513000011444092
2023-12-01,4.22599983215332,4.418000221252441
2023-12-04,4.288000106811523,4.438000202178955
2023-12-05,4.171000003814697,4.304999828338623
2023-12-06,4.120999813079834,4.223999977111816
2023-12-07,4.129000186920166,4.245999813079834
2023-12-08,4.244999885559082,4.324999809265137
2023-12-11,4.238999843597412,4.329999923706055
2023-12-12,4.205999851226807,4.303999900817871
2023-12-13,4.0329999923706055,4.183000087738037
2023-12-14,3.930000066757202,4.053999900817871
2023-12-15,3.927999973297119,4.0269999504089355
2023-12-18,3.9539999961853027,4.068999767303467
2023-12-19,3.921999931335449,4.034999847412109
2023-12-20,3.877000093460083,4.005000114440918
2023-12-21,3.8940000534057617,4.035999774932861
2023-12-22,3.9010000228881836,4.053999900817871
2023-12-26,3.885999917984009,4.043000221252441
2023-12-27,3.7890000343322754,3.944999933242798
2023-12-28,3.8499999046325684,3.98799991607666
2023-12-29,3.865999937057495,4.019000053405762
2024-01-02,3.946000099182129,4.085000038146973
2024-01-03,3.9070000648498535,4.056000232696533
2024-01-04,3.990999937057495,4.13700008392334
2024-01-05,4.041999816894531,4.199999809265137
2024-01-08,4.001999855041504,4.172999858856201
2024-01-09,4.019000053405762,4.184999942779541
2024-01-10,4.03000020980835,4.199999809265137
2024-01-11,3.9769999980926514,4.182000160217285
2024-01-12,3.950000047683716,4.197000026702881
2024-01-16,4.065999984741211,4.302999973297119
2024-01-17,4.105999946594238,4.311999797821045
2024-01-18,4.144000053405762,4.370999813079834
2024-01-19,4.145999908447266,4.353000164031982
2024-01-22,4.093999862670898,4.315999984741211
2024-01-23,4.142000198364258,4.377999782562256
2024-01-24,4.177999973297119,4.413000106811523
2024-01-25,4.131999969482422,4.380000114440918
2024-01-26,4.159999847412109,4.389999866485596
2024-01-29,4.091000080108643,4.335000038146973
2024-01-30,4.059000015258789,4.2779998779296875
2024-01-31,3.9670000076293945,4.215000152587891
2024-02-01,3.86299991607666,4.103000164031982
2024-02-02,4.0329999923706055,4.2270002365112305
2024-02-05,4.164000034332275,4.34499979019165
2024-02-06,4.090000152587891,4.296000003814697
2024-02-07,4.110000133514404,4.309999942779541
2024-02-08,4.170000076293945,4.375999927520752
2024-02-09,4.186999797821045,4.38100004196167
2024-02-12,4.171999931335449,4.369999885559082
2024-02-13,4.315999984741211,4.466000080108643
2024-02-14,4.267000198364258,4.447999954223633
2024-02-15,4.239999771118164,4.421000003814697
2024-02-16,4.295000076293945,4.447999954223633
2024-02-20,4.275000095367432,4.448999881744385
2024-02-21,4.324999809265137,4.492000102996826
2024-02-22,4.327000141143799,4.461999893188477
2024-02-23,4.260000228881836,4.380000114440918
2024-02-26,4.298999786376953,4.418000221252441
2024-02-27,4.315000057220459,4.440999984741211
2024-02-28,4.27400016784668,4.409999847412109
2024-02-29,4.251999855041504,4.375
2024-03-01,4.179999828338623,4.326000213623047
2024-03-04,4.218999862670898,4.355000019073486
2024-03-05,4.13700008392334,4.275000095367432
2024-03-06,4.104000091552734,4.239999771118164
2024-03-07,4.0920000076293945,4.248000144958496
2024-03-08,4.089000225067139,4.26200008392334
2024-03-11,4.104000091552734,4.2769999504089355
2024-03-12,4.15500020980835,4.311999797821045
2024-03-13,4.191999912261963,4.348999977111816
2024-03-14,4.297999858856201,4.442999839782715
2024-03-15,4.303999900817871,4.427999973297119
2024-03-18,4.340000152587891,4.466000080108643
2024-03-19,4.296999931335449,4.440999984741211
2024-03-20,4.2729997634887695,4.454999923706055
2024-03-21,4.270999908447266,4.441999912261963
2024-03-22,4.2179999351501465,4.392000198364258
2024-03-25,4.252999782562256,4.426000118255615
2024-03-26,4.234000205993652,4.400000095367432
2024-03-27,4.196000099182129,4.359000205993652
2024-03-28,4.205999851226807,4.348999977111816
2024-04-01,4.328999996185303,4.4679999351501465
2024-04-02,4.364999771118164,4.508999824523926
2024-04-03,4.355000019073486,4.508999824523926
2024-04-04,4.309000015258789,4.4720001220703125
2024-04-05,4.377999782562256,4.5320000648498535
2024-04-08,4.423999786376953,4.552999973297119
2024-04-09,4.366000175476074,4.499000072479248
2024-04-10,4.559999942779541,4.635000228881836
2024-04-11,4.576000213623047,4.659999847412109
2024-04-12,4.499000072479248,4.6020002365112305
2024-04-15,4.627999782562256,4.741000175476074
2024-04-16,4.658999919891357,4.757999897003174
2024-04-17,4.585000038146973,4.698999881744385
2024-04-18,4.646999835968018,4.744999885559082
2024-04-19,4.614999771118164,4.710999965667725
2024-04-22,4.623000144958496,4.723999977111816
2024-04-23,4.5980000495910645,4.7230000495910645
2024-04-24,4.6519999504089355,4.783999919891357
2024-04-25,4.705999851226807,4.820000171661377
2024-04-26,4.669000148773193,4.781000137329102
2024-04-29,4.613999843597412,4.73799991607666
2024-04-30,4.685999870300293,4.789999961853027
2024-05-01,4.59499979019165,4.7129998207092285
2024-05-02,4.571000099182129,4.7179999351501465
2024-05-03,4.5,4.660999774932861
2024-05-06,4.488999843597412,4.642000198364258
2024-05-07,4.4629998207092285,4.60699987411499
2024-05-08,4.492000102996826,4.631999969482422
2024-05-09,4.448999881744385,4.605999946594238
2024-05-10,4.504000186920166,4.645999908447266
2024-05-13,4.480999946594238,4.623000144958496
2024-05-14,4.445000171661377,4.593999862670898
2024-05-15,4.355999946594238,4.515999794006348
2024-05-16,4.376999855041504,4.51800012588501
2024-05-17,4.420000076293945,4.559999942779541
2024-05-20,4.436999797821045,4.572999954223633
2024-05-21,4.414000034332275,4.553999900817871
2024-05-22,4.434000015258789,4.551000118255615
2024-05-23,4.474999904632568,4.579999923706055
2024-05-24,4.4670000076293945,4.572999954223633
2024-05-28,4.541999816894531,4.656000137329102
2024-05-29,4.624000072479248,4.74399995803833
2024-05-30,4.553999900817871,4.684999942779541
2024-05-31,4.513999938964844,4.6519999504089355
2024-06-03,4.4019999504089355,4.551000118255615
2024-06-04,4.335999965667725,4.484000205993652
2024-06-05,4.289000034332275,4.440999984741211
2024-06-06,4.281000137329102,4.429999828338623
2024-06-07,4.429999828338623,4.547999858856201
2024-06-10,4.468999862670898,4.59499979019165
2024-06-11,4.4039998054504395,4.5370001792907715
2024-06-12,4.295000076293945,4.449999809265137
2024-06-13,4.23799991607666,4.400000095367432
2024-06-14,4.2129998207092285,4.35099983215332
2024-06-17,4.2789998054504395,4.409999847412109
2024-06-18,4.2170000076293945,4.354000091552734
2024-06-20,4.254000186920166,4.392000198364258
2024-06-21,4.256999969482422,4.3979997634887695
2024-06-24,4.248000144958496,4.377999782562256
2024-06-25,4.23799991607666,4.372000217437744
2024-06-26,4.315999984741211,4.447000026702881
2024-06-27,4.288000106811523,4.427000045776367
2024-06-28,4.3429999351501465,4.501999855041504
2024-07-01,4.479000091552734,4.64300012588501
2024-07-02,4.435999870300293,4.609000205993652
2024-07-03,4.355000019073486,4.5229997634887695
2024-07-05,4.271999835968018,4.4679999351501465
2024-07-08,4.269000053405762,4.458000183105469
2024-07-09,4.300000190734863,4.494999885559082
2024-07-10,4.28000020980835,4.46999979019165
2024-07-11,4.192999839782715,4.4039998054504395
2024-07-12,4.189000129699707,4.4019999504089355
2024-07-15,4.229000091552734,4.453999996185303
2024-07-16,4.166999816894531,4.374000072479248
2024-07-17,4.145999908447266,4.359000205993652
2024-07-18,4.189000129699707,4.406000137329102
2024-07-19,4.238999843597412,4.449999809265137
2024-07-22,4.260000228881836,4.478000164031982
2024-07-23,4.238999843597412,4.4710001945495605
2024-07-24,4.285999774932861,4.547999858856201
2024-07-25,4.25600004196167,4.5
2024-07-26,4.199999809265137,4.455999851226807
2024-07-29,4.177999973297119,4.433000087738037
2024-07-30,4.14300012588501,4.400000095367432
2024-07-31,4.109000205993652,4.36899995803833
2024-08-01,3.9760000705718994,4.270999908447266
2024-08-02,3.7920000553131104,4.109000205993652
2024-08-05,3.7850000858306885,4.072000026702881
2024-08-06,3.888000011444092,4.177000045776367
2024-08-07,3.9679999351501465,4.261000156402588
2024-08-08,3.996999979019165,4.2870001792907715
2024-08-09,3.941999912261963,4.224999904632568
2024-08-12,3.9089999198913574,4.197000026702881
2024-08-13,3.8519999980926514,4.164999961853027
2024-08-14,3.819999933242798,4.107999801635742
2024-08-15,3.9260001182556152,4.179999828338623
2024-08-16,3.8919999599456787,4.14900016784668
2024-08-19,3.867000102996826,4.114999771118164
2024-08-20,3.818000078201294,4.070000171661377
2024-08-21,3.7780001163482666,4.051000118255615
2024-08-22,3.861999988555908,4.133999824523926
2024-08-23,3.806999921798706,4.1020002365112305
2024-08-26,3.818000078201294,4.107999801635742
2024-08-27,3.8329999446868896,4.127999782562256
2024-08-28,3.8410000801086426,4.13100004196167
2024-08-29,3.867000102996826,4.151000022888184
2024-08-30,3.9110000133514404,4.196000099182129
2024-09-03,3.8440001010894775,4.13100004196167
2024-09-04,3.7679998874664307,4.066999912261963
2024-09-05,3.7309999465942383,4.0229997634887695
2024-09-06,3.7100000381469727,4.019999980926514
2024-09-09,3.697000026702881,3.999000072479248
2024-09-10,3.6459999084472656,3.9549999237060547
2024-09-11,3.6530001163482666,3.9630000591278076
2024-09-12,3.680000066757202,3.994999885559082
2024-09-13,3.6500000953674316,3.9769999980926514
2024-09-16,3.621000051498413,3.937000036239624
2024-09-17,3.6419999599456787,3.953000068664551
2024-09-18,3.684999942779541,4.007999897003174
2024-09-19,3.740000009536743,4.072000026702881
2024-09-20,3.7279999256134033,4.071000099182129
2024-09-23,3.739000082015991,4.081999778747559
2024-09-24,3.7360000610351562,4.089000225067139
2024-09-25,3.7809998989105225,4.133999824523926
2024-09-26,3.7909998893737793,4.124000072479248
2024-09-27,3.749000072479248,4.0980000495910645
2024-09-30,3.802000045776367,4.133999824523926
2024-10-01,3.743000030517578,4.079999923706055
2024-10-02,3.7850000858306885,4.131999969482422
2024-10-03,3.8499999046325684,4.179999828338623
2024-10-04,3.9809999465942383,4.267000198364258
2024-10-07,4.026000022888184,4.306000232696533
2024-10-08,4.0329999923706055,4.321000099182129
2024-10-09,4.066999912261963,4.339000225067139
2024-10-10,4.0960001945495605,4.386000156402588
2024-10-11,4.072999954223633,4.382999897003174
2024-10-14,4.0980000495910645,4.408999919891357
2024-10-15,4.038000106811523,4.328999996185303
2024-10-16,4.015999794006348,4.298999786376953
2024-10-17,4.0960001945495605,4.394999980926514
2024-10-18,4.072999954223633,4.380000114440918
2024-10-21,4.182000160217285,4.486999988555908
2024-10-22,4.203999996185303,4.493000030517578
2024-10-23,4.242000102996826,4.515999794006348
2024-10-24,4.199999809265137,4.465000152587891
2024-10-25,4.23199987411499,4.499000072479248
2024-10-28,4.2779998779296875,4.53000020980835
2024-10-29,4.27400016784668,4.519000053405762
2024-10-30,4.265999794006348,4.480000019073486
2024-10-31,4.283999919891357,4.4730000495910645
2024-11-01,4.361000061035156,4.558000087738037
2024-11-04,4.309000015258789,4.49399995803833
2024-11-05,4.289000034332275,4.449999809265137
2024-11-06,4.426000118255615,4.6020002365112305
2024-11-07,4.341000080108643,4.543000221252441
2024-11-08,4.306000232696533,4.4770002365112305
2024-11-11,4.308000087738037,4.474999904632568
2024-11-12,4.432000160217285,4.577000141143799
2024-11-13,4.451000213623047,4.63700008392334
2024-11-14,4.418000221252441,4.583000183105469
2024-11-15,4.427999973297119,4.60099983215332
2024-11-18,4.414000034332275,4.605999946594238
2024-11-19,4.379000186920166,4.565000057220459
2024-11-20,4.406000137329102,4.5920000076293945
2024-11-21,4.432000160217285,4.622000217437744
2024-11-22,4.409999847412109,4.59499979019165
2024-11-25,4.264999866485596,4.447000026702881
2024-11-26,4.302000045776367,4.480000019073486
2024-11-27,4.242000102996826,4.427000045776367
2024-11-29,4.177999973297119,4.366000175476074
2024-12-02,4.196000099182129,4.361000061035156
2024-12-03,4.2230000495910645,4.394000053405762
2024-12-04,4.179999828338623,4.3470001220703125
2024-12-05,4.179999828338623,4.335999965667725
2024-12-06,4.151000022888184,4.330999851226807
2024-12-09,4.198999881744385,4.389999866485596
2024-12-10,4.2210001945495605,4.4079999923706055
2024-12-11,4.270999908447266,4.479000091552734
2024-12-12,4.323999881744385,4.546999931335449
2024-12-13,4.39900016784668,4.614999771118164
2024-12-16,4.396999835968018,4.607999801635742
2024-12-17,4.385000228881836,4.578999996185303
2024-12-18,4.49399995803833,4.658999919891357
2024-12-19,4.570000171661377,4.739999771118164
2024-12-20,4.52400016784668,4.716000080108643
2024-12-23,4.598999977111816,4.783999919891357
2024-12-24,4.591000080108643,4.764999866485596
2024-12-26,4.578999996185303,4.76200008392334
2024-12-27,4.61899995803833,4.810999870300293
2024-12-30,4.545000076293945,4.763000011444092
2024-12-31,4.572999954223633,4.785999774932861
2025-01-02,4.574999809265137,4.797999858856201
2025-01-03,4.5960001945495605,4.814000129699707
2025-01-06,4.618000030517578,4.8379998207092285
2025-01-07,4.683000087738037,4.909999847412109
2025-01-08,4.692999839782715,4.932000160217285
2025-01-10,4.776000022888184,4.965000152587891
2025-01-13,4.802999973297119,4.986000061035156
2025-01-14,4.788000106811523,4.984000205993652
2025-01-15,4.6529998779296875,4.879000186920166
2025-01-16,4.605999946594238,4.843999862670898
2025-01-17,4.609000205993652,4.84499979019165
2025-01-21,4.573999881744385,4.802000045776367
2025-01-22,4.598999977111816,4.814000129699707
2025-01-23,4.638000011444092,4.86899995803833
2025-01-24,4.625999927520752,4.8480000495910645
2025-01-27,4.5279998779296875,4.769999980926514
2025-01-28,4.551000118255615,4.789999961853027
2025-01-29,4.554999828338623,4.789999961853027
2025-01-30,4.51200008392334,4.757999897003174
2025-01-31,4.568999767303467,4.813000202178955
2025-02-03,4.543000221252441,4.770999908447266
2025-02-04,4.513000011444092,4.748000144958496
2025-02-05,4.421999931335449,4.642000198364258
2025-02-06,4.440000057220459,4.650000095367432
2025-02-07,4.486999988555908,4.690000057220459
2025-02-10,4.493000030517578,4.710999965667725
2025-02-11,4.5370001792907715,4.75
2025-02-12,4.63700008392334,4.835000038146973
2025-02-13,4.525000095367432,4.73199987411499
2025-02-14,4.4720001220703125,4.692999839782715
2025-02-18,4.544000148773193,4.76200008392334
2025-02-19,4.534999847412109,4.764999866485596
2025-02-20,4.5,4.73799991607666
2025-02-21,4.420000076293945,4.669000148773193
2025-02-24,4.39300012588501,4.6479997634887695
2025-02-25,4.297999858856201,4.557000160217285
2025-02-26,4.249000072479248,4.506999969482422
2025-02-27,4.284999847412109,4.553999900817871
2025-02-28,4.230999946594238,4.515999794006348
2025-03-03,4.179999828338623,4.464000225067139
2025-03-04,4.210000038146973,4.517000198364258
2025-03-05,4.264999866485596,4.557000160217285
2025-03-06,4.285999774932861,4.579999923706055
2025-03-07,4.316999912261963,4.616000175476074
2025-03-10,4.2129998207092285,4.539000034332275
2025-03-11,4.288000106811523,4.603000164031982
2025-03-12,4.317999839782715,4.632999897003174
2025-03-13,4.27400016784668,4.5970001220703125
2025-03-14,4.308000087738037,4.614999771118164
2025-03-17,4.306000232696533,4.598999977111816
2025-03-18,4.281000137329102,4.578999996185303
2025-03-19,4.25600004196167,4.567999839782715
2025-03-20,4.232999801635742,4.557000160217285
2025-03-21,4.251999855041504,4.5960001945495605
2025-03-24,4.330999851226807,4.65500020980835
2025-03-25,4.307000160217285,4.656000137329102
2025-03-26,4.3379998207092285,4.683000087738037
2025-03-27,4.36899995803833,4.728000164031982
2025-03-28,4.255000114440918,4.632999897003174
2025-03-31,4.245999813079834,4.61299991607666
2025-04-01,4.156000137329102,4.515999794006348
2025-04-02,4.196000099182129,4.552999973297119
2025-04-03,4.054999828338623,4.485000133514404
2025-04-04,3.984999895095825,4.388000011444092
2025-04-07,4.15500020980835,4.5929999351501465
2025-04-08,4.26200008392334,4.715000152587891
2025-04-09,4.400000095367432,4.793000221252441
2025-04-10,4.394000053405762,4.848999977111816
2025-04-11,4.493000030517578,4.876999855041504
2025-04-14,4.363999843597412,4.797999858856201
2025-04-15,4.322999954223633,4.776000022888184
2025-04-16,4.2789998054504395,4.747000217437744
2025-04-17,4.333000183105469,4.809000015258789
2025-04-21,4.40500020980835,4.910999774932861
2025-04-22,4.388999938964844,4.879000186920166
2025-04-23,4.38700008392334,4.833000183105469
2025-04-24,4.304999828338623,4.764999866485596
2025-04-25,4.265999794006348,4.73799991607666
2025-04-28,4.216000080108643,4.693999767303467
2025-04-29,4.172999858856201,4.6479997634887695
2025-04-30,4.177000045776367,4.681000232696533
2025-05-01,4.230999946594238,4.736999988555908
2025-05-02,4.322000026702881,4.795000076293945
2025-05-05,4.3429999351501465,4.829999923706055
2025-05-06,4.308000087738037,4.813000202178955
2025-05-07,4.275000095367432,4.7729997634887695
2025-05-08,4.373000144958496,4.835999965667725
2025-05-09,4.375,4.833000183105469
2025-05-12,4.456999778747559,4.888000011444092
2025-05-13,4.499000072479248,4.942999839782715
2025-05-14,4.5279998779296875,4.9670000076293945
2025-05-15,4.454999923706055,4.918000221252441
2025-05-16,4.440999984741211,4.89900016784668
2025-05-19,4.474999904632568,4.940000057220459
2025-05-20,4.480999946594238,4.9670000076293945
2025-05-21,4.5960001945495605,5.090000152587891
2025-05-22,4.552999973297119,5.065000057220459
2025-05-23,4.508999824523926,5.031000137329102
2025-05-27,4.434000015258789,4.940000057220459
2025-05-28,4.4770002365112305,4.974999904632568
2025-05-29,4.423999786376953,4.922999858856201
2025-05-30,4.415999889373779,4.928999900817871
2025-06-02,4.461999893188477,4.994999885559082
2025-06-03,4.460000038146973,4.982999801635742
2025-06-04,4.364999771118164,4.88700008392334
2025-06-05,4.394000053405762,4.883999824523926
2025-06-06,4.510000228881836,4.9629998207092285
2025-06-09,4.48199987411499,4.953999996185303
2025-06-10,4.473999977111816,4.940000057220459
2025-06-11,4.4120001792907715,4.9079999923706055
2025-06-12,4.35699987411499,4.8420000076293945
2025-06-13,4.423999786376953,4.914999961853027
2025-06-16,4.452000141143799,4.953999996185303
2025-06-17,4.39300012588501,4.89300012588501
2025-06-18,4.396999835968018,4.894999980926514
2025-06-20,4.375,4.888999938964844
2025-06-23,4.320000171661377,4.85699987411499
2025-06-24,4.293000221252441,4.828999996185303
2025-06-25,4.293000221252441,4.8420000076293945
2025-06-26,4.252999782562256,4.815999984741211
2025-06-27,4.2829999923706055,4.84499979019165
2025-06-30,4.230000019073486,4.7789998054504395
2025-07-01,4.250999927520752,4.7789998054504395
2025-07-02,4.293000221252441,4.822999954223633
2025-07-03,4.3480000495910645,4.861999988555908
2025-07-07,4.394999980926514,4.931000232696533
2025-07-08,4.414999961853027,4.943999767303467
2025-07-09,4.3420000076293945,4.875999927520752
2025-07-10,4.3460001945495605,4.861000061035156
2025-07-11,4.422999858856201,4.956999778747559
2025-07-14,4.427000045776367,4.9730000495910645
2025-07-15,4.488999843597412,5.01800012588501
2025-07-16,4.454999923706055,5.013999938964844
2025-07-17,4.4629998207092285,5.013999938964844
2025-07-18,4.432000160217285,5.000999927520752
2025-07-21,4.372000217437744,4.936999797821045
2025-07-22,4.335999965667725,4.9019999504089355
2025-07-23,4.388000011444092,4.948999881744385
2025-07-24,4.4079999923706055,4.948999881744385
2025-07-25,4.386000156402588,4.928999900817871
2025-07-28,4.420000076293945,4.964000225067139
2025-07-29,4.329999923706055,4.870999813079834
2025-07-30,4.375999927520752,4.910999774932861
2025-07-31,4.360000133514404,4.886000156402588
2025-08-01,4.21999979019165,4.807000160217285
2025-08-04,4.199999809265137,4.796999931335449
2025-08-05,4.196000099182129,4.769000053405762
2025-08-06,4.21999979019165,4.810999870300293
2025-08-07,4.24399995803833,4.815999984741211
2025-08-08,4.284999847412109,4.855000019073486
2025-08-11,4.2729997634887695,4.841000080108643
2025-08-12,4.293000221252441,4.885000228881836
2025-08-13,4.23799991607666,4.828000068664551
2025-08-14,4.293000221252441,4.882999897003174
2025-08-15,4.328000068664551,4.926000118255615
2025-08-18,4.341000080108643,4.941999912261963
2025-08-19,4.302000045776367,4.9019999504089355
2025-08-20,4.296000003814697,4.9039998054504395
2025-08-21,4.329999923706055,4.923999786376953
2025-08-22,4.260000228881836,4.883999824523926
2025-08-25,4.275000095367432,4.888000011444092
2025-08-26,4.257999897003174,4.908999919891357
2025-08-27,4.23799991607666,4.913000106811523
2025-08-28,4.206999778747559,4.874000072479248
2025-08-29,4.2270002365112305,4.916999816894531
2025-09-02,4.2769999504089355,4.9710001945495605
2025-09-03,4.210999965667725,4.892000198364258
2025-09-04,4.176000118255615,4.874000072479248
2025-09-05,4.085999965667725,4.775000095367432
2025-09-08,4.046000003814697,4.689000129699707
2025-09-09,4.073999881744385,4.7179999351501465
2025-09-10,4.0320000648498535,4.677999973297119
2025-09-11,4.011000156402588,4.651000022888184
2025-09-12,4.060999870300293,4.678999900817871
2025-09-15,4.033999919891357,4.656000137329102
2025-09-16,4.026000022888184,4.645999908447266
2025-09-17,4.076000213623047,4.675000190734863
2025-09-18,4.104000091552734,4.71999979019165
2025-09-19,4.138999938964844,4.75600004196167
2025-09-22,4.14300012588501,4.761000156402588
2025-09-23,4.119999885559082,4.73799991607666
2025-09-24,4.146999835968018,4.757999897003174
2025-09-25,4.171999931335449,4.751999855041504
2025-09-26,4.186999797821045,4.765999794006348
2025-09-29,4.140999794006348,4.703999996185303
2025-09-30,4.1479997634887695,4.73199987411499
2025-10-01,4.105999946594238,4.715000152587891
2025-10-02,4.0879998207092285,4.695000171661377
2025-10-03,4.11899995803833,4.714000225067139
2025-10-06,4.1620001792907715,4.757999897003174
2025-10-07,4.126999855041504,4.72599983215332
2025-10-08,4.129000186920166,4.723999977111816
2025-10-09,4.1479997634887695,4.732999801635742
2025-10-10,4.051000118255615,4.633999824523926
2025-10-13,4.051000118255615,4.63100004196167
2025-10-14,4.021999835968018,4.623000144958496
2025-10-15,4.046000003814697,4.638999938964844
2025-10-16,3.9760000705718994,4.583000183105469
2025-10-17,4.006999969482422,4.603000164031982
2025-10-20,3.9860000610351562,4.576000213623047
2025-10-21,3.9630000591278076,4.547999858856201
2025-10-22,3.953000068664551,4.539000034332275
2025-10-23,3.990999937057495,4.572999954223633
2025-10-24,3.996999979019165,4.585000038146973
2025-10-27,3.996999979019165,4.570000171661377
2025-10-28,3.9830000400543213,4.546999931335449
2025-10-29,4.058000087738037,4.599999904632568
2025-10-30,4.0929999351501465,4.646999835968018
2025-10-31,4.10099983215332,4.670000076293945
2025-11-03,4.105999946594238,4.689000129699707
2025-11-04,4.089000225067139,4.670000076293945
2025-11-05,4.1570000648498535,4.736000061035156
2025-11-06,4.0929999351501465,4.688000202178955
2025-11-07,4.0929999351501465,4.699999809265137
2025-11-10,4.110000133514404,4.702000141143799
2025-11-11,4.119999885559082,4.710000038146973
2025-11-12,4.065000057220459,4.660999774932861
2025-11-13,4.111999988555908,4.702000141143799
2025-11-14,4.1479997634887695,4.747000217437744
2025-11-17,4.132999897003174,4.736000061035156
2025-11-18,4.123000144958496,4.743000030517578
2025-11-19,4.132999897003174,4.751999855041504
2025-11-20,4.105999946594238,4.73199987411499
2025-11-21,4.063000202178955,4.715000152587891
2025-11-24,4.038000106811523,4.677999973297119
2025-11-25,4.001999855041504,4.6579999923706055
2025-11-26,3.997999906539917,4.644000053405762
2025-11-28,4.017000198364258,4.664999961853027
2025-12-01,4.0960001945495605,4.74399995803833
2025-12-02,4.085999965667725,4.741000175476074
2025-12-03,4.057000160217285,4.724999904632568
2025-12-04,4.107999801635742,4.764999866485596
2025-12-05,4.138999938964844,4.791999816894531
2025-12-08,4.171999931335449,4.815999984741211
2025-12-09,4.185999870300293,4.809000015258789
2025-12-10,4.164000034332275,4.796999931335449
2025-12-11,4.140999794006348,4.789999961853027
2025-12-12,4.193999767303467,4.857999801635742
2025-12-15,4.182000160217285,4.85099983215332
2025-12-16,4.14900016784668,4.823999881744385
2025-12-17,4.151000022888184,4.828000068664551
2025-12-18,4.116000175476074,4.798999786376953
2025-12-19,4.151000022888184,4.828000068664551
2025-12-22,4.169000148773193,4.8420000076293945
2025-12-23,4.169000148773193,4.830999851226807
2025-12-24,4.136000156402588,4.797999858856201
2025-12-26,4.136000156402588,4.820000171661377
2025-12-29,4.116000175476074,4.804999828338623
2025-12-30,4.130000114440918,4.813000202178955
2025-12-31,4.163000106811523,4.840000152587891
2026-01-02,4.186999797821045,4.863999843597412
2026-01-05,4.164999961853027,4.854000091552734
2026-01-06,4.178999900817871,4.866000175476074
2026-01-07,4.138000011444092,4.815000057220459
2026-01-08,4.183000087738037,4.857999801635742
2026-01-09,4.171000003814697,4.818999767303467
2026-01-12,4.186999797821045,4.840000152587891
2026-01-13,4.171000003814697,4.828000068664551
2026-01-14,4.139999866485596,4.795000076293945
2026-01-15,4.159999847412109,4.7870001792907715
2026-01-16,4.230999946594238,4.840000152587891
2026-01-20,4.295000076293945,4.920000076293945
2026-01-21,4.252999782562256,4.870999813079834
2026-01-22,4.249000072479248,4.8470001220703125
2026-01-23,4.238999843597412,4.833000183105469
2026-01-26,4.2129998207092285,4.804999828338623
2026-01-27,4.2230000495910645,4.831999778747559
2026-01-28,4.250999927520752,4.860000133514404
2026-01-29,4.2270002365112305,4.854000091552734
2026-01-30,4.241000175476074,4.872000217437744
2026-02-02,4.275000095367432,4.908999919891357
2026-02-03,4.27400016784668,4.906000137329102
2026-02-04,4.275000095367432,4.914999961853027
2026-02-05,4.210000038146973,4.861999988555908
2026-02-06,4.205999851226807,4.855000019073486
2026-02-09,4.197999954223633,4.8480000495910645
2026-02-10,4.146999835968018,4.788000106811523
2026-02-11,4.171999931335449,4.814000129699707
2026-02-12,4.104000091552734,4.730999946594238
2026-02-13,4.056000232696533,4.697999954223633
2026-02-17,4.052000045776367,4.683000087738037
2026-02-18,4.078999996185303,4.705999851226807
2026-02-19,4.074999809265137,4.703999996185303
2026-02-20,4.085999965667725,4.724999904632568
2026-02-23,4.0289998054504395,4.696000099182129
2026-02-24,4.0329999923706055,4.689000129699707
2026-02-25,4.047999858856201,4.693999767303467
2026-02-26,4.017000198364258,4.669000148773193
2026-02-27,3.9619998931884766,4.632999897003174
2026-03-02,4.047999858856201,4.697999954223633
2026-03-03,4.056000232696533,4.702000141143799
2026-03-04,4.079999923706055,4.716000080108643
2026-03-05,4.145999908447266,4.751999855041504
2026-03-06,4.132999897003174,4.755000114440918
2026-03-09,4.136000156402588,4.739999771118164
2026-03-10,4.136000156402588,4.770999908447266
2026-03-11,4.208000183105469,4.85699987411499
2026-03-12,4.2729997634887695,4.885000228881836
2026-03-13,4.284999847412109,4.9079999923706055
2026-03-16,4.21999979019165,4.859000205993652
2026-03-17,4.202000141143799,4.8520002365112305
2026-03-18,4.258999824523926,4.88100004196167
2026-03-19,4.281000137329102,4.8520002365112305
2026-03-20,4.390999794006348,4.960000038146973
2026-03-23,4.334000110626221,4.9120001792907715
2026-03-24,4.392000198364258,4.940999984741211
2026-03-25,4.328000068664551,4.896999835968018
2026-03-26,4.415999889373779,4.935999870300293
2026-03-27,4.440000057220459,4.98199987411499
2026-03-30,4.3420000076293945,4.90500020980835
2026-03-31,4.310999870300293,4.890999794006348
2026-04-01,4.318999767303467,4.900000095367432
2026-04-02,4.313000202178955,4.889999866485596
2026-04-06,4.335000038146973,4.890999794006348
2026-04-07,4.3429999351501465,4.921000003814697
2026-04-08,4.290999889373779,4.88700008392334
2026-04-09,4.293000221252441,4.896999835968018
2026-04-10,4.316999912261963,4.914000034332275
2026-04-13,4.296999931335449,4.900000095367432
2026-04-14,4.25600004196167,4.868000030517578
2026-04-15,4.2820000648498535,4.890999794006348
2026-04-16,4.309000015258789,4.928999900817871
2026-04-17,4.245999813079834,4.885000228881836
2026-04-20,4.25,4.88100004196167
2026-04-21,4.291999816894531,4.8979997634887695
2026-04-22,4.294000148773193,4.9019999504089355
2026-04-23,4.322999954223633,4.918000221252441
2026-04-24,4.309999942779541,4.915999889373779
2026-04-27,4.335999965667725,4.941999912261963
2026-04-28,4.354000091552734,4.943999767303467
2026-04-29,4.418000221252441,4.986999988555908
2026-04-30,4.389999866485596,4.986999988555908
2026-05-01,4.377999782562256,4.966000080108643
2026-05-04,4.446000099182129,5.025000095367432
2026-05-05,4.415999889373779,4.984000205993652
2026-05-06,4.355999946594238,4.942999839782715
2026-05-07,4.392000198364258,4.968999862670898
2026-05-08,4.363999843597412,4.947000026702881
2026-05-11,4.409999847412109,4.986000061035156
2026-05-12,4.4629998207092285,5.031000137329102
2026-05-13,4.480999946594238,5.046999931335449
2026-05-14,4.460999965667725,5.01200008392334
2026-05-15,4.59499979019165,5.127999782562256
2026-05-18,4.623000144958496,5.146999835968018
2026-05-19,4.666999816894531,5.181000232696533
2026-05-20,4.572000026702881,5.116000175476074
2026-05-21,4.585999965667725,5.111999988555908
2026-05-22,4.558000087738037,5.064000129699707
2026-05-26,4.493000030517578,5.026000022888184
2026-05-27,4.480999946594238,5.011000156402588
2026-05-28,4.454999923706055,4.985000133514404
2026-05-29,4.453000068664551,4.993000030517578
2026-06-01,4.474999904632568,4.991000175476074
2026-06-02,4.454999923706055,4.9670000076293945
2026-06-03,4.491000175476074,4.989999771118164
2026-06-04,4.4770002365112305,4.978000164031982
2026-06-05,4.535999774932861,4.999000072479248
2026-06-08,4.552000045776367,5.02400016784668
2026-06-09,4.5279998779296875,5.011000156402588
2026-06-10,4.541999816894531,5.025000095367432
2026-06-11,4.4629998207092285,4.951000213623047
2026-06-12,4.486999988555908,4.974999904632568
2026-06-15,4.468999862670898,4.9710001945495605
2026-06-16,4.427999973297119,4.927999973297119
2026-06-17,4.4629998207092285,4.926000118255615
2026-06-18,4.451000213623047,4.901000022888184
2026-06-22,4.508999824523926,4.947000026702881
2026-06-23,4.493000030517578,4.940000057220459
2026-06-24,4.4019999504089355,4.855999946594238
2026-06-25,4.392000198364258,4.857999801635742
2026-06-26,4.372000217437744,4.863999843597412
2026-06-29,4.374000072479248,4.860000133514404
2026-06-30,4.418000221252441,4.9019999504089355
2026-07-01,4.474999904632568,4.966000080108643
2026-07-02,4.485000133514404,4.985000133514404
2026-07-06,4.479000091552734,4.993000030517578
2026-07-07,4.5289998054504395,5.043000221252441
2026-07-08,4.568999767303467,5.065000057220459
2026-07-09,4.539000034332275,5.052999973297119
2026-07-10,4.568999767303467,5.071000099182129
2026-07-13,4.609000205993652,5.0980000495910645
2026-07-14,4.585000038146973,5.093999862670898
2026-07-15,4.545000076293945,5.083000183105469
2026-07-16,4.568999767303467,5.0980000495910645
2026-07-17,4.540999889373779,5.064000129699707
2026-07-20,4.5980000495910645,5.118000030517578
2026-07-21,4.627999782562256,5.130000114440918
2026-07-22,4.6570000648498535,5.146999835968018
2026-07-23,4.703000068664551,5.171000003814697
2026-07-24,4.678999900817871,5.1620001792907715
2026-07-27,4.640999794006348,5.125
2026-07-28,4.604000091552734,5.0960001945495605
2026-07-29,4.622000217437744,5.14300012588501
2026-07-30,4.663000106811523,5.208000183105469
2026-07-31,4.744999885559082,5.275000095367432
2026-08-03,4.685999870300293,5.230999946594238
2026-08-04,4.626999855041504,5.190000057220459
2026-08-05,4.617000102996826,5.173999786376953
2026-08-06,4.670000076293945,5.2129998207092285
2026-08-07,4.659999847412109,5.210999965667725
2026-08-10,4.698999881744385,5.243000030517578
2026-08-11,4.684000015258789,5.236000061035156
2026-08-12,4.682000160217285,5.247000217437744
2026-08-13,4.640999794006348,5.2129998207092285
2026-08-14,4.696000099182129,5.264999866485596
2026-08-17,4.723999977111816,5.309000015258789
2026-08-18,4.705999851226807,5.284999847412109
2026-08-19,4.6529998779296875,5.193999767303467
2026-08-20,4.696000099182129,5.236999988555908
2026-08-21,4.73799991607666,5.276000022888184
2026-08-24,4.703999996185303,5.230999946594238
2026-08-25,4.638999938964844,5.173999786376953
2026-08-26,4.664000034332275,5.185999870300293
2026-08-27,4.671999931335449,5.190999984741211
2026-08-28,4.71999979019165,5.205999851226807
2026-08-31,4.757999897003174,5.249000072479248
2026-09-01,4.796000003814697,5.26800012588501
2026-09-02,4.796000003814697,5.267000198364258
2026-09-03,4.76200008392334,5.243000030517578
2026-09-04,4.783999919891357,5.245999813079834
2026-09-08,4.806000232696533,5.263999938964844
2026-09-09,4.836999893188477,5.285999774932861
2026-09-10,4.943999767303467,5.361000061035156
2026-09-11,4.974999904632568,5.354000091552734
2026-09-14,4.960999965667725,5.328999996185303
2026-09-15,4.995999813079834,5.363999843597412
2026-09-16,5.00600004196167,5.348999977111816
2026-09-17,4.947000026702881,5.296000003814697
2026-09-18,4.998000144958496,5.330999851226807
2026-09-21,4.9629998207092285,5.296000003814697
2026-09-22,4.9679999351501465,5.302999973297119
2026-09-23,5.113999843597412,5.401000022888184
2026-09-24,5.1620001792907715,5.460999965667725
2026-09-25,5.184000015258789,5.504000186920166
2026-09-28,5.239999771118164,5.560999870300293
2026-09-29,5.255000114440918,5.593999862670898
2026-09-30,5.293000221252441,5.638000011444092
2026-10-01,5.236999988555908,5.603000164031982
2026-10-02,5.2769999504089355,5.630000114440918
